Id,Unknown0,Unknown1
"16","58257","0"
"17","75032","0"
"18","71507","0"
"19","71508","0"
"20","71509","0"
"21","71511","0"
"22","71510","0"
"33","2287","14"
"34","38431","14"
"571","6384","14"
"575","34722","109"
"576","6948","109"
"577","34722","110"
"578","6948","110"
"579","34722","111"
"580","6948","111"
"581","72689","109"
"582","72690","109"
"583","72691","109"
"584","72692","109"
"585","72693","109"
"586","72694","109"
"587","72695","109"
"588","72696","109"
"589","73010","109"
"590","73308","109"
"592","73026","109"
"593","73027","109"
"594","73017","109"
"595","73065","109"
"596","73066","109"
"597","34722","117"
"598","6948","117"
"607","72672","110"
"608","72673","110"
"609","72674","110"
"610","72675","110"
"611","72676","110"
"612","72677","110"
"613","72678","110"
"614","72679","110"
"615","73012","110"
"616","73016","110"
"617","73024","110"
"618","73025","110"
"619","73067","110"
"620","73068","110"
"621","73306","110"
"624","73306","117"
"625","73068","117"
"626","73067","117"
"627","73025","117"
"628","73024","117"
"629","73016","117"
"630","72672","117"
"631","72673","117"
"632","72674","117"
"633","72675","117"
"634","72676","117"
"635","72677","117"
"636","72678","117"
"637","72679","117"
"638","73012","117"
"639","73126","111"
"640","73127","111"
"641","73128","111"
"642","73129","111"
"643","73130","111"
"644","73307","111"
"646","72681","111"
"647","72682","111"
"648","72683","111"
"649","72684","111"
"650","72685","111"
"651","72686","111"
"652","72687","111"
"653","72688","111"
"654","73011","111"
"655","34722","123"
"656","6948","123"
"657","72621","123"
"658","72622","123"
"659","72623","123"
"660","72624","123"
"661","72625","123"
"662","72626","123"
"663","72627","123"
"664","72628","123"
"665","73006","123"
"666","73101","123"
"667","73102","123"
"668","73103","123"
"669","73104","123"
"670","73105","123"
"671","73323","123"
"673","34722","124"
"674","6948","124"
"675","72621","124"
"676","72622","124"
"677","72623","124"
"678","72624","124"
"679","72625","124"
"680","72626","124"
"681","72627","124"
"682","72628","124"
"683","73006","124"
"684","73101","124"
"685","73102","124"
"686","73103","124"
"687","73104","124"
"688","73105","124"
"689","73323","124"
"691","34722","125"
"692","6948","125"
"693","72621","125"
"694","72622","125"
"695","72623","125"
"696","72624","125"
"697","72625","125"
"698","72626","125"
"699","72627","125"
"700","72628","125"
"701","73006","125"
"702","73101","125"
"703","73102","125"
"704","73103","125"
"705","73104","125"
"706","73105","125"
"707","73323","125"
"709","34722","126"
"710","6948","126"
"711","72638","126"
"712","72639","126"
"713","72640","126"
"714","72641","126"
"715","72642","126"
"716","72643","126"
"717","72644","126"
"718","72645","126"
"719","73007","126"
"720","73106","126"
"721","73107","126"
"722","73108","126"
"723","73109","126"
"724","73110","126"
"725","73324","126"
"727","34722","127"
"728","6948","127"
"729","72638","127"
"730","72639","127"
"731","72640","127"
"732","72641","127"
"733","72642","127"
"734","72643","127"
"735","72644","127"
"736","72645","127"
"737","73007","127"
"738","73106","127"
"739","73107","127"
"740","73108","127"
"741","73109","127"
"742","73110","127"
"743","73324","127"
"745","34722","128"
"746","6948","128"
"747","72638","128"
"748","72639","128"
"749","72640","128"
"750","72641","128"
"751","72642","128"
"752","72643","128"
"753","72644","128"
"754","72645","128"
"755","73007","128"
"756","73106","128"
"757","73107","128"
"758","73108","128"
"759","73109","128"
"760","73110","128"
"761","73324","128"
"763","34722","129"
"764","6948","129"
"767","34722","130"
"768","6948","130"
"771","72664","129"
"772","72665","129"
"773","72666","129"
"774","72667","129"
"775","72668","129"
"776","72669","129"
"777","72670","129"
"778","72671","129"
"779","72995","129"
"780","72996","129"
"781","73121","129"
"782","73122","129"
"783","73123","129"
"784","73124","129"
"785","73125","129"
"786","73320","129"
"788","72664","130"
"789","72665","130"
"790","72666","130"
"791","72667","130"
"792","72668","130"
"793","72669","130"
"794","72670","130"
"795","72671","130"
"796","72996","130"
"797","72997","130"
"798","73121","130"
"799","73122","130"
"800","73123","130"
"801","73124","130"
"802","73125","130"
"803","73320","130"
"805","34722","131"
"806","6948","131"
"809","72664","131"
"810","72665","131"
"811","72666","131"
"812","72667","131"
"813","72668","131"
"814","72669","131"
"815","72670","131"
"816","72671","131"
"817","72995","131"
"818","72996","131"
"819","73121","131"
"820","73122","131"
"821","73123","131"
"822","73124","131"
"823","73125","131"
"824","73320","131"
"826","34722","133"
"827","6948","133"
"828","72945","133"
"829","72946","133"
"830","72947","133"
"831","72948","133"
"832","72949","133"
"833","72950","133"
"834","72951","133"
"835","72952","133"
"836","73161","133"
"837","73162","133"
"838","73163","133"
"839","73164","133"
"840","73165","133"
"841","73310","133"
"843","72992","133"
"1091","34722","148"
"1092","6948","148"
"1093","72945","148"
"1094","72946","148"
"1095","72947","148"
"1096","72948","148"
"1097","72949","148"
"1098","72950","148"
"1099","72951","148"
"1100","72952","148"
"1101","73161","148"
"1102","73162","148"
"1103","73163","148"
"1104","73164","148"
"1105","73165","148"
"1106","73310","148"
"1108","72992","148"
"1109","72999","148"
"1110","34722","149"
"1111","6948","149"
"1112","72937","149"
"1113","72938","149"
"1114","72939","149"
"1115","72940","149"
"1116","72941","149"
"1117","72942","149"
"1118","72943","149"
"1119","72944","149"
"1120","73166","149"
"1121","73167","149"
"1122","73168","149"
"1123","73169","149"
"1124","73170","149"
"1125","73309","149"
"1127","72980","149"
"1128","72982","149"
"1129","34722","152"
"1130","6948","152"
"1131","72929","152"
"1132","72930","152"
"1133","72931","152"
"1134","72932","152"
"1135","72933","152"
"1136","72934","152"
"1137","72935","152"
"1138","72936","152"
"1139","73156","152"
"1140","73157","152"
"1141","73158","152"
"1142","73159","152"
"1143","73160","152"
"1144","73316","152"
"1146","72991","152"
"1147","34722","153"
"1148","6948","153"
"1149","72918","153"
"1150","72919","153"
"1151","72920","153"
"1152","72921","153"
"1153","72922","153"
"1154","72923","153"
"1155","72924","153"
"1156","72925","153"
"1157","73151","153"
"1158","73152","153"
"1159","73153","153"
"1160","73154","153"
"1161","73155","153"
"1162","73315","153"
"1164","72994","153"
"1166","34722","154"
"1167","6948","154"
"1168","72918","154"
"1169","72919","154"
"1170","72920","154"
"1171","72921","154"
"1172","72922","154"
"1173","72923","154"
"1174","72924","154"
"1175","72925","154"
"1176","73151","154"
"1177","73152","154"
"1178","73153","154"
"1179","73154","154"
"1180","73155","154"
"1181","73315","154"
"1183","72990","154"
"1184","34722","155"
"1185","6948","155"
"1186","73116","155"
"1187","73117","155"
"1188","73118","155"
"1189","73119","155"
"1190","73120","155"
"1191","72646","155"
"1192","72647","155"
"1193","72648","155"
"1194","72649","155"
"1195","72650","155"
"1196","72651","155"
"1197","72652","155"
"1198","72653","155"
"1199","73322","155"
"1201","73009","155"
"1202","34722","156"
"1203","6948","156"
"1205","72655","156"
"1206","72656","156"
"1207","72657","156"
"1208","72658","156"
"1209","72659","156"
"1210","72660","156"
"1211","72661","156"
"1212","72662","156"
"1213","73111","156"
"1214","73112","156"
"1215","73113","156"
"1216","73114","156"
"1217","73115","156"
"1218","73321","156"
"1219","73008","156"
"1220","34722","157"
"1221","6948","157"
"1223","72655","157"
"1224","72656","157"
"1225","72657","157"
"1226","72658","157"
"1227","72659","157"
"1228","72660","157"
"1229","72661","157"
"1230","72662","157"
"1231","73111","157"
"1232","73112","157"
"1233","73113","157"
"1234","73114","157"
"1235","73115","157"
"1236","73321","157"
"1237","73008","157"
"1238","34722","158"
"1239","6948","158"
"1240","72910","158"
"1241","72911","158"
"1242","72912","158"
"1243","72913","158"
"1244","72914","158"
"1245","72915","158"
"1246","72916","158"
"1247","72917","158"
"1248","73000","158"
"1250","73146","158"
"1251","73147","158"
"1252","73148","158"
"1253","73149","158"
"1254","73150","158"
"1255","73314","158"
"1256","34722","159"
"1257","6948","159"
"1258","72910","159"
"1259","72911","159"
"1260","72912","159"
"1261","72913","159"
"1262","72914","159"
"1263","72915","159"
"1264","72916","159"
"1265","72917","159"
"1266","73000","159"
"1268","73146","159"
"1269","73147","159"
"1270","73148","159"
"1271","73149","159"
"1272","73150","159"
"1273","73314","159"
"1274","34722","160"
"1275","6948","160"
"1276","72910","160"
"1277","72911","160"
"1278","72912","160"
"1279","72913","160"
"1280","72914","160"
"1281","72915","160"
"1282","72916","160"
"1283","72917","160"
"1284","73000","160"
"1286","73146","160"
"1287","73147","160"
"1288","73148","160"
"1289","73149","160"
"1290","73150","160"
"1291","73314","160"
"1292","34722","161"
"1293","6948","161"
"1294","73313","161"
"1296","72889","161"
"1297","72890","161"
"1298","72891","161"
"1299","72892","161"
"1300","72893","161"
"1301","72894","161"
"1302","72895","161"
"1303","72896","161"
"1304","73003","161"
"1305","73005","161"
"1306","73136","161"
"1307","73137","161"
"1308","73138","161"
"1309","73139","161"
"1310","73140","161"
"1311","34722","162"
"1312","6948","162"
"1313","72698","162"
"1314","72699","162"
"1315","72700","162"
"1316","72701","162"
"1317","72702","162"
"1318","72703","162"
"1319","72704","162"
"1320","72705","162"
"1321","73131","162"
"1322","73132","162"
"1323","73133","162"
"1324","73134","162"
"1325","73135","162"
"1326","73311","162"
"1328","72998","162"
"1330","34722","163"
"1331","6948","163"
"1332","72902","163"
"1333","72903","163"
"1334","72904","163"
"1335","72905","163"
"1336","72906","163"
"1337","72907","163"
"1338","72908","163"
"1339","72909","163"
"1340","73002","163"
"1341","73004","163"
"1342","73141","163"
"1343","73142","163"
"1344","73143","163"
"1345","73144","163"
"1346","73145","163"
"1347","73312","163"
"1349","34722","164"
"1350","6948","164"
"1351","72971","164"
"1352","72972","164"
"1353","72973","164"
"1354","72974","164"
"1355","72975","164"
"1356","72976","164"
"1357","72977","164"
"1358","72978","164"
"1359","73014","164"
"1360","73022","164"
"1361","73023","164"
"1362","73063","164"
"1363","73064","164"
"1364","73319","164"
"1366","72984","164"
"1367","72989","164"
"1368","34722","166"
"1369","6948","166"
"1370","72963","166"
"1371","72964","166"
"1372","72965","166"
"1373","72966","166"
"1374","72967","166"
"1375","72968","166"
"1376","72969","166"
"1377","72970","166"
"1378","73013","166"
"1379","73020","166"
"1380","73021","166"
"1381","73042","166"
"1382","73060","166"
"1383","73318","166"
"1385","72981","166"
"1386","72983","166"
"1387","34722","168"
"1388","6948","168"
"1389","72993","168"
"1390","72955","168"
"1391","72956","168"
"1392","72957","168"
"1393","72958","168"
"1394","72959","168"
"1395","72960","168"
"1396","72961","168"
"1397","72962","168"
"1398","73015","168"
"1399","73018","168"
"1400","73019","168"
"1401","73061","168"
"1402","73062","168"
"1403","73317","168"
"1416","42942","109"
"1417","42942","110"
"1418","42942","111"
"1419","42942","117"
"1420","42942","123"
"1421","42942","124"
"1422","42942","125"
"1423","42942","126"
"1424","42942","127"
"1425","42942","128"
"1426","42942","129"
"1427","42942","130"
"1428","42942","131"
"1429","42942","133"
"1431","42942","149"
"1432","42942","152"
"1433","42942","153"
"1434","42942","154"
"1435","42942","155"
"1436","42942","156"
"1437","42942","157"
"1438","42942","158"
"1439","42942","159"
"1440","42942","160"
"1441","42942","161"
"1442","42942","162"
"1443","42942","163"
"1444","42942","164"
"1445","42942","166"
"1446","42942","168"
"1812","38668","310"
"1813","38670","310"
"1814","38666","310"
"1815","38665","310"
"1816","39320","310"
"1817","39322","310"
"1818","38664","310"
"1819","38671","310"
"1820","38667","310"
"1821","38661","310"
"1822","38669","310"
"1823","38662","310"
"1824","39208","310"
"1825","38672","310"
"1826","38663","310"
"1827","38632","310"
"1828","38674","310"
"1829","38675","310"
"2055","34722","352"
"2056","6948","352"
"2057","42942","352"
"2058","34722","353"
"2059","6948","353"
"2060","42942","353"
"2061","34722","354"
"2062","6948","354"
"2063","42942","354"
"2064","88623","352"
"2065","88624","352"
"2066","88625","352"
"2067","88626","352"
"2068","88627","352"
"2069","88628","352"
"2070","88629","352"
"2071","88630","352"
"2073","88633","352"
"2074","88634","352"
"2075","88635","352"
"2076","88636","352"
"2077","88637","352"
"2078","88638","352"
"2079","88648","352"
"2080","88614","353"
"2081","88615","353"
"2082","88616","353"
"2083","88617","353"
"2084","88618","353"
"2085","88619","353"
"2086","88620","353"
"2087","88621","353"
"2088","88622","353"
"2089","88632","353"
"2090","88644","353"
"2091","88645","353"
"2092","88646","353"
"2093","88647","353"
"2094","88667","353"
"2095","88623","354"
"2096","88624","354"
"2097","88625","354"
"2098","88626","354"
"2099","88627","354"
"2100","88628","354"
"2101","88629","354"
"2102","88630","354"
"2103","88633","354"
"2104","88639","354"
"2105","88640","354"
"2106","88641","354"
"2107","88642","354"
"2108","88643","354"
"2109","88649","354"
"2121","36799","124"
"2122","42942","148"
"2132","89630","307"
"2133","89632","307"
"2134","89633","307"
"2135","89634","307"
"2136","89635","307"
"2137","2510","307"
"2178","89630","372"
"2179","89632","372"
"2180","89633","372"
"2181","89634","372"
"2182","89635","372"
"2183","3021","372"
"2184","90688","312"
"2185","90691","312"
"2186","90693","312"
"2187","90694","312"
"2188","6505","312"
"2189","90703","314"
"2190","90704","314"
"2191","90705","314"
"2192","2077","314"
"2193","90674","306"
"2194","90675","306"
"2195","90677","306"
"2196","90678","306"
"2197","90679","306"
"2198","6953","306"
"2199","90730","308"
"2200","90733","308"
"2201","5613","308"
"2202","90680","315"
"2203","90682","315"
"2204","90683","315"
"2205","90685","315"
"2206","90686","315"
"2209","90663","311"
"2210","90736","311"
"2211","90737","311"
"2212","89322","311"
"2214","90698","332"
"2215","90699","332"
"2216","90701","332"
"2217","937","332"
"2218","90666","305"
"2219","90668","305"
"2220","90669","305"
"2221","90671","305"
"2222","90672","305"
"2223","90673","305"
"2224","6687","305"
"2229","89318","311"
"2235","90847","308"
"2236","90849","332"
"2237","90848","314"
"2238","90851","306"
"2239","90852","305"
"2240","90850","311"
"2241","90891","312"
"2242","90853","315"
"2277","6948","402"
"2278","53051","402"
"2279","68687","402"
"2280","92077","402"
"2281","92132","402"
"2282","92180","402"
"2283","92225","402"
"2284","92245","402"
"2285","92265","402"
"2286","92325","402"
"2287","92369","402"
"2288","92136","402"
"2289","92137","402"
"2290","92210","402"
"2291","92308","402"
"2292","92309","402"
"2293","92345","402"
"2294","92355","402"
"2295","6948","403"
"2296","92078","403"
"2297","92094","403"
"2298","92133","403"
"2299","92138","403"
"2300","92152","403"
"2301","92208","403"
"2302","92224","403"
"2303","92244","403"
"2304","92264","403"
"2305","92304","403"
"2306","92305","403"
"2307","92324","403"
"2308","92344","403"
"2309","92356","403"
"2310","92368","403"
"2311","68687","403"
"2312","53051","403"
"2313","6948","404"
"2314","53051","404"
"2315","68687","404"
"2316","92080","404"
"2317","92096","404"
"2318","92139","404"
"2319","92140","404"
"2320","92181","404"
"2321","92211","404"
"2322","92226","404"
"2323","92246","404"
"2324","92266","404"
"2325","92310","404"
"2326","92311","404"
"2327","92326","404"
"2328","92346","404"
"2329","92358","404"
"2330","92370","404"
"2331","6948","405"
"2332","68687","405"
"2333","53051","405"
"2334","92078","405"
"2335","92094","405"
"2336","92133","405"
"2337","92138","405"
"2338","92152","405"
"2339","92208","405"
"2340","92224","405"
"2341","92244","405"
"2342","92264","405"
"2343","92304","405"
"2344","92305","405"
"2345","92324","405"
"2346","92344","405"
"2347","92356","405"
"2348","92368","405"
"2349","6948","406"
"2350","68687","406"
"2351","53051","406"
"2352","92081","406"
"2353","92097","406"
"2354","92143","406"
"2355","92144","406"
"2356","92154","406"
"2357","92169","406"
"2358","92212","406"
"2359","92228","406"
"2360","92249","406"
"2361","92269","406"
"2362","92275","406"
"2363","92276","406"
"2364","92329","406"
"2365","92348","406"
"2366","92359","406"
"2367","6948","407"
"2368","92081","407"
"2369","92097","407"
"2370","92143","407"
"2371","92144","407"
"2372","92154","407"
"2373","92169","407"
"2374","92212","407"
"2375","92228","407"
"2376","92249","407"
"2377","92269","407"
"2378","92275","407"
"2379","92276","407"
"2380","92329","407"
"2381","92348","407"
"2382","92359","407"
"2383","68687","407"
"2384","53051","407"
"2385","6948","408"
"2386","53051","408"
"2387","68687","408"
"2388","92081","408"
"2389","92097","408"
"2390","92143","408"
"2391","92144","408"
"2392","92154","408"
"2393","92169","408"
"2394","92212","408"
"2395","92228","408"
"2396","92249","408"
"2397","92269","408"
"2398","92275","408"
"2399","92276","408"
"2400","92329","408"
"2401","92348","408"
"2402","92359","408"
"2403","6948","409"
"2404","92092","409"
"2405","92108","409"
"2406","92124","409"
"2407","92125","409"
"2408","92163","409"
"2409","92172","409"
"2410","92189","409"
"2411","92198","409"
"2412","92218","409"
"2413","92238","409"
"2414","92256","409"
"2415","92257","409"
"2416","92298","409"
"2417","92320","409"
"2418","92365","409"
"2419","53051","409"
"2420","68687","409"
"2421","6948","410"
"2422","68687","410"
"2423","53051","410"
"2424","92092","410"
"2425","92108","410"
"2426","92124","410"
"2427","92125","410"
"2428","92163","410"
"2429","92172","410"
"2430","92189","410"
"2431","92198","410"
"2432","92218","410"
"2433","92238","410"
"2434","92256","410"
"2435","92257","410"
"2436","92298","410"
"2437","92320","410"
"2438","92365","410"
"2439","6948","411"
"2440","68687","411"
"2441","53051","411"
"2442","92092","411"
"2443","92108","411"
"2444","92124","411"
"2445","92125","411"
"2446","92163","411"
"2447","92172","411"
"2448","92189","411"
"2449","92198","411"
"2450","92218","411"
"2451","92238","411"
"2452","92256","411"
"2453","92257","411"
"2454","92298","411"
"2455","92320","411"
"2456","92365","411"
"2457","6948","412"
"2458","92087","412"
"2459","92103","412"
"2460","92117","412"
"2461","92118","412"
"2462","92160","412"
"2463","92186","412"
"2464","92192","412"
"2465","92204","412"
"2466","92234","412"
"2467","92254","412"
"2468","92274","412"
"2469","92287","412"
"2470","92288","412"
"2471","92295","412"
"2472","92314","412"
"2473","92336","412"
"2474","53051","412"
"2475","68687","412"
"2495","6948","413"
"2496","53051","413"
"2497","68687","413"
"2498","92087","413"
"2499","92103","413"
"2500","92117","413"
"2501","92118","413"
"2502","92160","413"
"2503","92186","413"
"2504","92192","413"
"2505","92203","413"
"2506","92234","413"
"2507","92254","413"
"2508","92274","413"
"2509","92287","413"
"2510","92288","413"
"2511","92295","413"
"2512","92314","413"
"2513","92336","413"
"2514","6948","414"
"2515","92087","414"
"2516","92103","414"
"2517","92117","414"
"2518","92118","414"
"2519","92160","414"
"2520","92186","414"
"2521","92192","414"
"2522","92204","414"
"2523","92234","414"
"2524","92254","414"
"2525","92274","414"
"2526","92287","414"
"2527","92288","414"
"2528","92295","414"
"2529","92314","414"
"2530","92336","414"
"2531","53051","414"
"2532","68687","414"
"2533","6948","415"
"2534","68687","415"
"2535","53051","415"
"2536","92091","415"
"2537","92107","415"
"2538","92128","415"
"2539","92129","415"
"2540","92165","415"
"2541","92190","415"
"2542","92200","415"
"2543","92220","415"
"2544","92240","415"
"2545","92258","415"
"2546","92261","415"
"2547","92300","415"
"2548","92319","415"
"2549","92340","415"
"2550","92364","415"
"2551","6948","416"
"2552","92091","416"
"2553","92107","416"
"2554","92128","416"
"2555","92129","416"
"2556","92165","416"
"2557","92190","416"
"2558","92200","416"
"2559","92220","416"
"2560","92240","416"
"2561","92258","416"
"2562","92261","416"
"2563","92300","416"
"2564","92319","416"
"2565","92340","416"
"2566","92363","416"
"2567","92364","416"
"2568","53051","416"
"2569","68687","416"
"2570","6948","417"
"2571","68687","417"
"2572","53051","417"
"2573","92074","417"
"2574","92093","417"
"2575","92109","417"
"2576","92126","417"
"2577","92127","417"
"2578","92166","417"
"2579","92177","417"
"2580","92191","417"
"2581","92201","417"
"2582","92221","417"
"2583","92241","417"
"2584","92259","417"
"2585","92260","417"
"2586","92301","417"
"2587","92321","417"
"2588","92341","417"
"2589","6948","418"
"2590","92076","418"
"2591","92130","418"
"2592","92134","418"
"2593","92135","418"
"2594","92179","418"
"2595","92209","418"
"2596","92223","418"
"2597","92243","418"
"2598","92263","418"
"2599","92306","418"
"2600","92307","418"
"2601","92322","418"
"2602","92342","418"
"2603","92353","418"
"2604","92366","418"
"2605","53051","418"
"2606","68687","418"
"2607","6948","419"
"2608","68687","419"
"2609","53051","419"
"2610","92075","419"
"2611","92110","419"
"2612","92130","419"
"2613","92167","419"
"2614","92168","419"
"2615","92178","419"
"2616","92207","419"
"2617","92222","419"
"2618","92242","419"
"2619","92262","419"
"2620","92302","419"
"2621","92303","419"
"2622","92323","419"
"2623","92343","419"
"2624","92367","419"
"2627","6948","420"
"2644","92075","420"
"2645","92130","420"
"2646","92167","420"
"2647","92168","420"
"2648","92178","420"
"2649","92207","420"
"2650","92222","420"
"2651","92242","420"
"2652","92262","420"
"2653","92302","420"
"2654","92303","420"
"2655","92323","420"
"2656","92343","420"
"2657","92354","420"
"2658","92367","420"
"2659","53051","420"
"2660","68687","420"
"2661","6948","421"
"2662","68687","421"
"2663","53051","421"
"2664","92085","421"
"2665","92101","421"
"2666","92113","421"
"2667","92151","421"
"2668","92158","421"
"2669","92170","421"
"2670","92184","421"
"2671","92233","421"
"2672","92253","421"
"2673","92273","421"
"2674","92281","421"
"2675","92282","421"
"2676","92294","421"
"2677","92315","421"
"2678","92361","421"
"2679","6948","422"
"2680","92086","422"
"2681","92102","422"
"2682","92115","422"
"2683","92150","422"
"2684","92159","422"
"2685","92171","422"
"2686","92183","422"
"2687","92232","422"
"2688","92252","422"
"2689","92272","422"
"2690","92285","422"
"2691","92286","422"
"2692","92332","422"
"2693","92352","422"
"2694","92362","422"
"2695","53051","422"
"2696","68687","422"
"2697","6948","423"
"2698","68687","423"
"2699","53051","423"
"2700","92086","423"
"2701","92102","423"
"2702","92115","423"
"2703","92150","423"
"2704","92159","423"
"2705","92171","423"
"2706","92183","423"
"2707","92232","423"
"2708","92252","423"
"2709","92272","423"
"2710","92285","423"
"2711","92286","423"
"2712","92332","423"
"2713","92352","423"
"2714","92362","423"
"2715","6948","424"
"2716","92079","424"
"2717","92095","424"
"2718","92141","424"
"2719","92142","424"
"2720","92153","424"
"2721","92193","424"
"2722","92213","424"
"2723","92227","424"
"2724","92247","424"
"2725","92267","424"
"2726","92312","424"
"2727","92313","424"
"2728","92327","424"
"2729","92347","424"
"2730","92371","424"
"2731","53051","424"
"2732","68687","424"
"2733","6948","425"
"2734","92079","425"
"2735","92095","425"
"2736","92141","425"
"2737","92142","425"
"2738","92153","425"
"2739","92193","425"
"2740","92213","425"
"2741","92227","425"
"2742","92247","425"
"2743","92267","425"
"2744","92312","425"
"2745","92313","425"
"2746","92327","425"
"2747","92347","425"
"2748","92371","425"
"2749","53051","425"
"2750","68687","425"
"2751","6948","426"
"2752","68687","426"
"2753","53051","426"
"2754","92079","426"
"2755","92095","426"
"2756","92141","426"
"2757","92142","426"
"2758","92153","426"
"2759","92193","426"
"2760","92213","426"
"2761","92227","426"
"2762","92247","426"
"2763","92267","426"
"2764","92312","426"
"2765","92313","426"
"2766","92327","426"
"2767","92347","426"
"2768","92371","426"
"2769","6948","427"
"2770","92088","427"
"2771","92104","427"
"2772","92119","427"
"2773","92120","427"
"2774","92161","427"
"2775","92175","427"
"2776","92187","427"
"2777","92205","427"
"2778","92235","427"
"2779","92236","427"
"2780","92289","427"
"2781","92290","427"
"2782","92296","427"
"2783","92317","427"
"2784","92337","427"
"2785","92216","427"
"2786","53051","427"
"2787","68687","427"
"2788","6948","428"
"2789","68687","428"
"2790","53051","428"
"2791","92089","428"
"2792","92105","428"
"2793","92112","428"
"2794","92116","428"
"2795","92121","428"
"2796","92162","428"
"2797","92185","428"
"2798","92197","428"
"2799","92217","428"
"2800","92237","428"
"2801","92291","428"
"2802","92292","428"
"2803","92297","428"
"2804","92316","428"
"2805","92339","428"
"2807","6948","429"
"2808","92090","429"
"2809","92106","429"
"2810","92122","429"
"2811","92123","429"
"2812","92164","429"
"2813","92176","429"
"2814","92188","429"
"2815","92199","429"
"2816","92206","429"
"2817","92219","429"
"2818","92239","429"
"2819","92255","429"
"2820","92293","429"
"2821","92299","429"
"2822","92318","429"
"2823","92338","429"
"2824","53051","429"
"2825","68687","429"
"2826","6948","430"
"2827","68687","430"
"2828","53051","430"
"2829","92082","430"
"2830","92098","430"
"2831","92145","430"
"2832","92146","430"
"2833","92155","430"
"2834","92174","430"
"2835","92202","430"
"2836","92214","430"
"2837","92229","430"
"2838","92250","430"
"2839","92270","430"
"2840","92277","430"
"2841","92278","430"
"2842","92330","430"
"2843","92334","430"
"2844","92349","430"
"2845","6948","431"
"2846","92084","431"
"2847","92100","431"
"2848","92111","431"
"2849","92114","431"
"2850","92147","431"
"2851","92157","431"
"2852","92173","431"
"2853","92215","431"
"2854","92231","431"
"2855","92251","431"
"2856","92271","431"
"2857","92283","431"
"2858","92284","431"
"2859","92331","431"
"2860","92335","431"
"2861","92350","431"
"2862","53051","431"
"2863","68687","431"
"2864","6948","432"
"2865","68687","432"
"2866","53051","432"
"2867","92083","432"
"2868","92099","432"
"2869","92148","432"
"2870","92149","432"
"2871","92156","432"
"2872","92182","432"
"2873","92230","432"
"2874","92248","432"
"2875","92268","432"
"2876","92279","432"
"2877","92280","432"
"2878","92328","432"
"2879","92333","432"
"2880","92351","432"
"2881","92360","432"
"2882","6948","433"
"2883","92372","433"
"2884","92375","433"
"2885","92377","433"
"2886","92379","433"
"2887","92384","433"
"2888","92385","433"
"2889","92387","433"
"2890","92389","433"
"2891","92391","433"
"2892","92394","433"
"2893","92396","433"
"2894","92398","433"
"2895","92399","433"
"2896","92404","433"
"2897","92407","433"
"2898","53051","433"
"2899","68687","433"
"2900","6948","434"
"2901","68687","434"
"2902","53051","434"
"2903","92373","434"
"2904","92374","434"
"2905","92376","434"
"2906","92378","434"
"2907","92382","434"
"2908","92383","434"
"2909","92386","434"
"2910","92388","434"
"2911","92390","434"
"2912","92393","434"
"2913","92395","434"
"2914","92397","434"
"2915","92402","434"
"2916","92403","434"
"2917","92406","434"
"2918","6948","435"
"2919","92375","435"
"2920","92377","435"
"2921","92379","435"
"2922","92380","435"
"2923","92381","435"
"2924","92387","435"
"2925","92389","435"
"2926","92391","435"
"2927","92392","435"
"2928","92396","435"
"2929","92400","435"
"2930","92401","435"
"2931","92404","435"
"2932","92405","435"
"2933","92407","435"
"2935","53051","435"
"2936","68687","435"
"2955","96941","14"
"2956","96942","14"
"2957","96943","14"
"2958","96944","14"
"2959","96945","14"
"3805","104886","14"
"3807","70498","14"
"3808","19348","14"
"4253","54443","506"
"4257","6948","506"
"4258","54443","510"
"4262","6948","510"
"4263","54443","511"
"4267","6948","511"
"4268","54443","512"
"4272","6948","512"
"4273","54443","513"
"4277","6948","513"
"4278","54443","514"
"4282","6948","514"
"4283","54443","515"
"4287","6948","515"
"4288","54443","523"
"4292","6948","523"
"4293","54443","524"
"4297","6948","524"
"4298","54443","525"
"4302","6948","525"
"4303","54443","526"
"4307","6948","526"
"4308","54443","527"
"4312","6948","527"
"4313","54443","528"
"4317","6948","528"
"4318","108920","528"
"4319","108920","527"
"4320","108920","526"
"4321","108920","525"
"4322","108920","524"
"4323","108920","523"
"4324","108920","515"
"4325","108920","514"
"4326","108920","513"
"4327","108920","512"
"4328","108920","511"
"4329","108920","510"
"4330","108920","506"
"4331","54443","529"
"4335","6948","529"
"4336","108920","529"
"4337","54443","530"
"4341","6948","530"
"4342","108920","530"
"4343","54443","531"
"4347","6948","531"
"4348","108920","531"
"4349","54443","532"
"4353","6948","532"
"4354","108920","532"
"4355","54443","533"
"4359","6948","533"
"4360","108920","533"
"4361","54443","534"
"4365","6948","534"
"4366","108920","534"
"4367","54443","535"
"4371","6948","535"
"4372","108920","535"
"4373","54443","536"
"4377","6948","536"
"4378","108920","536"
"4379","54443","537"
"4383","6948","537"
"4384","108920","537"
"4385","54443","538"
"4389","6948","538"
"4390","108920","538"
"4391","54443","539"
"4395","6948","539"
"4396","108920","539"
"4397","54443","540"
"4401","6948","540"
"4402","108920","540"
"4403","54443","541"
"4407","6948","541"
"4408","108920","541"
"4409","54443","542"
"4413","6948","542"
"4414","108920","542"
"4415","54443","543"
"4419","6948","543"
"4420","108920","543"
"4421","54443","544"
"4425","6948","544"
"4426","108920","544"
"4427","54443","545"
"4431","6948","545"
"4432","108920","545"
"4433","54443","546"
"4437","6948","546"
"4438","108920","546"
"4439","54443","547"
"4443","6948","547"
"4444","108920","547"
"4445","54443","548"
"4449","6948","548"
"4450","108920","548"
"4451","54443","549"
"4455","6948","549"
"4456","108920","549"
"4579","117035","513"
"4580","117036","513"
"4581","117037","513"
"4582","117043","513"
"4583","117044","513"
"4584","117038","513"
"4585","117039","513"
"4586","117040","513"
"4587","117041","513"
"4588","117046","513"
"4589","117042","513"
"4590","117045","513"
"4591","117047","513"
"4592","117048","513"
"4593","117019","513"
"4594","117020","514"
"4595","117029","514"
"4596","117021","514"
"4597","117031","514"
"4598","117032","514"
"4599","117022","514"
"4600","117023","514"
"4601","117024","514"
"4602","117030","514"
"4603","117025","514"
"4604","117033","514"
"4605","117034","514"
"4606","117026","514"
"4607","117027","514"
"4608","117028","514"
"4610","117020","515"
"4611","117029","515"
"4612","117021","515"
"4613","117031","515"
"4614","117032","515"
"4615","117022","515"
"4616","117023","515"
"4617","117024","515"
"4618","117030","515"
"4619","117025","515"
"4620","117033","515"
"4621","117034","515"
"4622","117026","515"
"4623","117027","515"
"4624","117049","515"
"4625","117056","549"
"4626","117057","549"
"4627","117058","549"
"4628","117059","549"
"4629","117060","549"
"4630","117061","549"
"4631","117062","549"
"4632","117063","549"
"4633","117064","549"
"4634","117065","549"
"4635","117066","549"
"4636","117067","549"
"4637","117068","549"
"4638","117069","549"
"4639","117050","546"
"4640","117051","546"
"4641","117052","546"
"4642","117053","546"
"4643","117054","546"
"4644","117070","546"
"4645","117071","546"
"4646","117072","546"
"4647","117073","546"
"4648","117074","546"
"4649","117075","546"
"4650","117076","546"
"4651","117077","546"
"4652","117078","546"
"4653","117085","549"
"4654","117535","548"
"4655","117536","548"
"4656","117537","548"
"4657","117538","548"
"4658","117539","548"
"4659","117540","548"
"4660","117070","548"
"4661","117071","548"
"4662","117072","548"
"4663","117073","548"
"4664","117074","548"
"4665","117075","548"
"4666","117076","548"
"4667","117077","548"
"4668","117078","548"
"4669","117079","547"
"4670","117080","547"
"4671","117081","547"
"4672","117082","547"
"4673","117083","547"
"4674","117084","547"
"4675","117086","547"
"4676","117087","547"
"4677","117088","547"
"4678","117089","547"
"4679","117090","547"
"4680","117091","547"
"4681","117092","547"
"4682","117093","547"
"4683","117094","547"
"4684","117095","533"
"4685","117096","533"
"4686","117097","533"
"4687","117098","533"
"4688","117099","533"
"4689","117100","533"
"4690","117101","533"
"4691","117102","533"
"4692","117103","533"
"4693","117104","533"
"4694","117105","533"
"4695","117106","533"
"4696","117107","533"
"4697","117108","533"
"4698","117109","533"
"4699","117095","532"
"4700","117096","532"
"4701","117097","532"
"4702","117098","532"
"4703","117099","532"
"4704","117100","532"
"4705","117101","532"
"4706","117102","532"
"4707","117103","532"
"4708","117104","532"
"4709","117105","532"
"4710","117106","532"
"4711","117107","532"
"4712","117108","532"
"4713","117109","532"
"4714","117095","531"
"4715","117096","531"
"4716","117097","531"
"4717","117098","531"
"4718","117099","531"
"4719","117100","531"
"4720","117101","531"
"4721","117102","531"
"4722","117103","531"
"4723","117104","531"
"4724","117105","531"
"4725","117106","531"
"4726","117107","531"
"4727","117108","531"
"4728","117109","531"
"4729","117111","545"
"4730","117112","545"
"4731","117113","545"
"4732","117114","545"
"4733","117115","545"
"4734","117116","545"
"4735","117117","545"
"4736","117118","545"
"4737","117119","545"
"4738","117120","545"
"4739","117121","545"
"4740","117122","545"
"4741","117123","545"
"4743","117125","545"
"4744","117126","545"
"4745","117111","544"
"4746","117112","544"
"4747","117113","544"
"4748","117114","544"
"4749","117115","544"
"4750","117116","544"
"4751","117117","544"
"4752","117118","544"
"4753","117119","544"
"4754","117120","544"
"4755","117121","544"
"4756","117122","544"
"4757","117123","544"
"4759","117125","544"
"4760","117126","544"
"4761","117111","543"
"4762","117112","543"
"4763","117113","543"
"4764","117114","543"
"4765","117115","543"
"4766","117116","543"
"4767","117117","543"
"4768","117118","543"
"4769","117119","543"
"4770","117120","543"
"4771","117121","543"
"4772","117122","543"
"4773","117123","543"
"4774","117125","543"
"4775","117126","543"
"4776","117127","525"
"4777","117128","525"
"4778","117129","525"
"4779","117130","525"
"4780","117131","525"
"4781","117132","525"
"4782","117133","525"
"4783","117134","525"
"4784","117135","525"
"4785","117136","525"
"4786","117137","525"
"4787","117138","525"
"4788","117139","525"
"4789","117140","525"
"4790","117161","525"
"4791","117141","526"
"4792","117142","526"
"4793","117143","526"
"4794","117144","526"
"4795","117145","526"
"4796","117146","526"
"4797","117147","526"
"4798","117148","526"
"4799","117149","526"
"4800","117150","526"
"4801","117151","526"
"4802","117152","526"
"4803","117153","526"
"4804","117154","526"
"4805","117162","526"
"4806","117133","527"
"4807","117134","527"
"4808","117135","527"
"4809","117136","527"
"4810","117137","527"
"4811","117138","527"
"4812","117139","527"
"4813","117140","527"
"4814","117155","527"
"4815","117156","527"
"4816","117157","527"
"4817","117158","527"
"4818","117159","527"
"4819","117160","527"
"4820","117161","527"
"4821","117171","523"
"4822","117172","523"
"4823","117173","523"
"4824","117174","523"
"4825","117175","523"
"4826","117176","523"
"4827","117177","523"
"4828","117178","523"
"4829","117179","523"
"4830","117180","523"
"4831","117181","523"
"4832","117182","523"
"4833","117183","523"
"4834","117184","523"
"4835","117185","523"
"4836","117186","523"
"4837","117196","506"
"4838","117197","506"
"4839","117198","506"
"4840","117199","506"
"4841","117200","506"
"4842","117201","506"
"4843","117202","506"
"4844","117203","506"
"4845","117204","506"
"4846","117205","506"
"4847","117206","506"
"4848","117207","506"
"4849","117208","506"
"4850","117209","506"
"4851","117187","506"
"4852","117188","506"
"4853","117189","524"
"4854","117163","524"
"4855","117164","524"
"4856","117165","524"
"4857","117166","524"
"4858","117167","524"
"4859","117168","524"
"4860","117169","524"
"4861","117170","524"
"4862","117190","524"
"4863","117191","524"
"4864","117192","524"
"4865","117193","524"
"4866","117194","524"
"4867","117195","524"
"4868","117216","535"
"4869","117217","535"
"4870","117218","535"
"4871","117219","535"
"4872","117220","535"
"4873","117221","535"
"4874","117222","535"
"4875","117223","535"
"4876","117224","535"
"4877","117225","535"
"4878","117226","535"
"4879","117227","535"
"4880","117228","535"
"4881","117229","535"
"4882","117230","535"
"4883","117230","534"
"4884","117216","534"
"4885","117217","534"
"4886","117218","534"
"4887","117219","534"
"4888","117220","534"
"4889","117221","534"
"4890","117222","534"
"4891","117223","534"
"4892","117224","534"
"4893","117225","534"
"4894","117226","534"
"4895","117227","534"
"4896","117228","534"
"4897","117229","534"
"4898","117210","536"
"4899","117211","536"
"4900","117212","536"
"4901","117213","536"
"4902","117214","536"
"4903","117240","536"
"4904","117231","536"
"4905","117232","536"
"4906","117233","536"
"4907","117234","536"
"4908","117235","536"
"4909","117236","536"
"4910","117237","536"
"4911","117238","536"
"4912","117239","536"
"4913","117241","510"
"4914","117242","510"
"4915","117243","510"
"4916","117244","510"
"4917","117245","510"
"4918","117246","510"
"4919","117247","510"
"4920","117248","510"
"4921","117249","510"
"4922","117250","510"
"4923","117251","510"
"4924","117252","510"
"4925","117253","510"
"4926","117254","510"
"4927","117255","510"
"4928","117256","510"
"4929","117241","511"
"4930","117242","511"
"4931","117243","511"
"4932","117244","511"
"4933","117245","511"
"4934","117246","511"
"4935","117247","511"
"4936","117248","511"
"4937","117249","511"
"4938","117250","511"
"4939","117251","511"
"4940","117252","511"
"4941","117253","511"
"4942","117254","511"
"4943","117256","511"
"4944","117257","511"
"4945","117241","512"
"4946","117242","512"
"4947","117243","512"
"4948","117244","512"
"4949","117245","512"
"4950","117246","512"
"4951","117247","512"
"4952","117248","512"
"4953","117249","512"
"4954","117250","512"
"4955","117251","512"
"4956","117252","512"
"4957","117253","512"
"4958","117254","512"
"4959","117255","512"
"4960","117256","512"
"4961","117269","530"
"4962","117270","530"
"4963","117271","530"
"4964","117272","530"
"4965","117273","530"
"4966","117274","530"
"4967","117275","530"
"4968","117276","530"
"4969","117277","530"
"4970","117278","530"
"4971","117264","530"
"4972","117265","530"
"4973","117266","530"
"4974","117267","530"
"4975","117268","530"
"4976","117258","529"
"4977","117259","529"
"4978","117260","529"
"4979","117261","529"
"4980","117262","529"
"4981","117263","529"
"4982","117279","529"
"4983","117280","529"
"4984","117281","529"
"4985","117282","529"
"4986","117283","529"
"4987","117284","529"
"4988","117285","529"
"4989","117286","529"
"4990","117287","529"
"4992","117288","528"
"4993","117289","528"
"4994","117290","528"
"4995","117291","528"
"4996","117292","528"
"4997","117293","528"
"4998","117295","528"
"4999","117296","528"
"5000","117297","528"
"5001","117298","528"
"5002","117299","528"
"5003","117300","528"
"5004","117301","528"
"5005","117302","528"
"5006","117303","528"
"5007","117304","528"
"5008","117305","542"
"5009","117306","542"
"5010","117307","542"
"5011","117308","542"
"5012","117309","542"
"5013","117310","542"
"5014","117311","542"
"5015","117312","542"
"5016","117313","542"
"5017","117314","542"
"5018","117315","542"
"5019","117316","542"
"5020","117317","542"
"5021","117319","542"
"5022","117320","542"
"5023","117305","541"
"5024","117306","541"
"5025","117307","541"
"5026","117308","541"
"5027","117309","541"
"5028","117310","541"
"5029","117311","541"
"5030","117312","541"
"5031","117313","541"
"5032","117314","541"
"5033","117315","541"
"5034","117316","541"
"5035","117317","541"
"5036","117319","541"
"5037","117320","541"
"5038","117305","540"
"5039","117306","540"
"5040","117307","540"
"5041","117308","540"
"5042","117309","540"
"5043","117310","540"
"5044","117311","540"
"5045","117312","540"
"5046","117313","540"
"5047","117314","540"
"5048","117315","540"
"5049","117316","540"
"5050","117317","540"
"5051","117319","540"
"5052","117320","540"
"5053","117321","539"
"5054","117322","539"
"5055","117323","539"
"5056","117324","539"
"5057","117325","539"
"5058","117326","539"
"5059","117327","539"
"5060","117328","539"
"5061","117329","539"
"5062","117333","539"
"5063","117334","539"
"5064","117335","539"
"5065","117336","539"
"5066","117337","539"
"5067","117338","539"
"5068","117322","538"
"5069","117323","538"
"5070","117324","538"
"5071","117325","538"
"5072","117326","538"
"5073","117327","538"
"5074","117328","538"
"5075","117329","538"
"5076","117333","538"
"5077","117334","538"
"5078","117335","538"
"5079","117336","538"
"5080","117337","538"
"5081","117338","538"
"5082","117330","538"
"5083","117321","538"
"5084","117331","537"
"5085","117332","537"
"5086","117339","537"
"5087","117340","537"
"5088","117341","537"
"5089","117342","537"
"5090","117343","537"
"5091","117344","537"
"5092","117345","537"
"5093","117346","537"
"5094","117347","537"
"5095","117348","537"
"5096","117349","537"
"5097","117350","537"
"5098","117351","537"
"5099","117352","537"
"5100","120272","315"
"5101","120273","315"
"5104","117055","546"
"5107","117294","530"
"5148","54443","643"
"5152","6948","643"
"5169","129564","643"
"5170","129565","643"
"5171","129566","643"
"5172","129567","643"
"5173","129568","643"
"5174","129569","643"
"5175","129570","643"
"5176","129571","643"
"5177","129572","643"
"5178","129573","643"
"5179","129574","643"
"5180","129575","643"
"5181","129576","643"
"5182","129577","643"
"5183","54443","644"
"5187","6948","644"
"5189","129603","644"
"5190","129604","644"
"5191","129605","644"
"5192","129606","644"
"5193","129607","644"
"5194","129608","644"
"5195","129578","644"
"5196","129579","644"
"5197","129580","644"
"5198","129581","644"
"5199","129582","644"
"5200","129583","644"
"5201","129584","644"
"5202","129585","644"
"5203","129586","644"
"5204","54443","645"
"5208","6948","645"
"5210","129587","645"
"5211","129588","645"
"5212","129589","645"
"5213","129590","645"
"5214","129591","645"
"5215","129592","645"
"5216","129594","645"
"5217","129595","645"
"5218","129596","645"
"5219","129597","645"
"5220","129598","645"
"5221","129599","645"
"5222","129600","645"
"5223","129601","645"
"5224","129602","645"
"5225","54443","646"
"5229","6948","646"
"5231","129558","646"
"5232","129559","646"
"5233","129560","646"
"5234","129562","646"
"5235","129561","646"
"5236","129563","646"
"5237","129578","646"
"5238","129579","646"
"5239","129580","646"
"5240","129581","646"
"5241","129582","646"
"5242","129583","646"
"5243","129584","646"
"5244","129585","646"
"5245","129586","646"
"5246","54443","647"
"5250","6948","647"
"5252","129510","647"
"5253","129511","647"
"5254","129513","647"
"5255","129512","647"
"5256","129514","647"
"5257","129515","647"
"5258","129516","647"
"5259","129517","647"
"5260","129518","647"
"5261","129519","647"
"5262","129520","647"
"5263","129521","647"
"5264","129522","647"
"5265","129524","647"
"5266","129525","647"
"5267","54443","648"
"5271","6948","648"
"5273","129510","648"
"5274","129511","648"
"5275","129513","648"
"5276","129512","648"
"5277","129514","648"
"5278","129515","648"
"5279","129516","648"
"5280","129517","648"
"5281","129518","648"
"5282","129519","648"
"5283","129520","648"
"5284","129521","648"
"5285","129522","648"
"5286","129524","648"
"5287","129525","648"
"5288","54443","649"
"5292","6948","649"
"5294","129510","649"
"5295","129511","649"
"5296","129513","649"
"5297","129512","649"
"5298","129514","649"
"5299","129515","649"
"5300","129516","649"
"5301","129517","649"
"5302","129518","649"
"5303","129519","649"
"5304","129520","649"
"5305","129521","649"
"5306","129522","649"
"5307","129524","649"
"5308","129525","649"
"5309","54443","650"
"5313","6948","650"
"5315","129410","650"
"5316","129411","650"
"5317","129412","650"
"5318","129413","650"
"5319","129414","650"
"5320","129415","650"
"5321","129416","650"
"5322","129417","650"
"5323","129418","650"
"5324","129419","650"
"5325","129420","650"
"5326","129421","650"
"5327","129422","650"
"5328","129424","650"
"5329","129425","650"
"5330","54443","651"
"5334","6948","651"
"5336","129410","651"
"5337","129411","651"
"5338","129412","651"
"5339","129413","651"
"5340","129414","651"
"5341","129415","651"
"5342","129416","651"
"5343","129417","651"
"5344","129418","651"
"5345","129419","651"
"5346","129420","651"
"5347","129421","651"
"5348","129422","651"
"5349","129424","651"
"5350","129425","651"
"5351","54443","652"
"5355","6948","652"
"5357","129410","652"
"5358","129411","652"
"5359","129412","652"
"5360","129413","652"
"5361","129414","652"
"5362","129415","652"
"5363","129416","652"
"5364","129417","652"
"5365","129418","652"
"5366","129419","652"
"5367","129420","652"
"5368","129421","652"
"5369","129422","652"
"5370","129424","652"
"5371","129425","652"
"5372","54443","653"
"5376","6948","653"
"5378","129526","653"
"5379","129527","653"
"5380","129528","653"
"5381","129529","653"
"5382","129530","653"
"5383","129531","653"
"5384","129532","653"
"5385","129533","653"
"5386","129534","653"
"5387","129538","653"
"5388","129539","653"
"5389","129540","653"
"5390","129541","653"
"5391","129542","653"
"5392","129543","653"
"5393","54443","654"
"5397","6948","654"
"5399","129527","654"
"5400","129528","654"
"5401","129529","654"
"5402","129530","654"
"5403","129531","654"
"5404","129532","654"
"5405","129533","654"
"5406","129534","654"
"5407","129535","654"
"5408","129538","654"
"5409","129539","654"
"5410","129540","654"
"5411","129541","654"
"5412","129542","654"
"5413","129543","654"
"5415","54443","655"
"5419","6948","655"
"5421","129536","655"
"5422","129537","655"
"5423","129544","655"
"5424","129545","655"
"5425","129546","655"
"5426","129547","655"
"5427","129548","655"
"5428","129549","655"
"5429","129550","655"
"5430","129551","655"
"5431","129552","655"
"5432","129553","655"
"5433","129554","655"
"5434","129555","655"
"5435","129556","655"
"5436","129557","655"
"5437","54443","656"
"5441","6948","656"
"5443","129374","656"
"5444","129375","656"
"5445","129376","656"
"5446","129377","656"
"5447","129378","656"
"5448","129395","656"
"5449","129396","656"
"5450","129397","656"
"5451","129398","656"
"5452","129399","656"
"5453","129400","656"
"5454","129401","656"
"5455","129402","656"
"5456","129403","656"
"5457","129404","656"
"5458","54443","657"
"5462","6948","657"
"5464","129380","657"
"5465","129381","657"
"5466","129382","657"
"5467","129383","657"
"5468","129384","657"
"5469","129385","657"
"5470","129386","657"
"5471","129388","657"
"5472","129387","657"
"5473","129389","657"
"5474","129390","657"
"5475","129391","657"
"5476","129392","657"
"5477","129393","657"
"5478","129394","657"
"5479","54443","658"
"5483","6948","658"
"5485","129380","658"
"5486","129381","658"
"5487","129382","658"
"5488","129383","658"
"5489","129384","658"
"5490","129385","658"
"5491","129386","658"
"5492","129388","658"
"5493","129387","658"
"5494","129389","658"
"5495","129390","658"
"5496","129391","658"
"5497","129392","658"
"5498","129393","658"
"5499","129394","658"
"5500","54443","659"
"5504","6948","659"
"5506","129703","659"
"5507","129704","659"
"5508","129705","659"
"5509","129707","659"
"5510","129706","659"
"5511","129708","659"
"5512","129709","659"
"5513","129710","659"
"5514","129711","659"
"5515","129712","659"
"5516","129713","659"
"5517","129714","659"
"5518","129715","659"
"5519","129716","659"
"5520","129717","659"
"5521","54443","660"
"5525","6948","660"
"5527","129703","660"
"5528","129704","660"
"5529","129705","660"
"5530","129707","660"
"5531","129706","660"
"5532","129708","660"
"5533","129709","660"
"5534","129710","660"
"5535","129711","660"
"5536","129712","660"
"5537","129713","660"
"5538","129714","660"
"5539","129715","660"
"5540","129716","660"
"5541","129717","660"
"5542","54443","661"
"5546","6948","661"
"5548","129703","661"
"5549","129704","661"
"5550","129705","661"
"5551","129707","661"
"5552","129706","661"
"5553","129708","661"
"5554","129709","661"
"5555","129710","661"
"5556","129711","661"
"5557","129712","661"
"5558","129713","661"
"5559","129714","661"
"5560","129715","661"
"5561","129716","661"
"5563","54443","662"
"5567","6948","662"
"5569","129615","662"
"5570","129616","662"
"5571","129617","662"
"5572","129618","662"
"5573","129619","662"
"5574","129620","662"
"5575","129621","662"
"5576","129622","662"
"5577","129623","662"
"5578","129624","662"
"5579","129625","662"
"5580","129626","662"
"5581","129627","662"
"5582","129628","662"
"5583","129629","662"
"5584","54443","663"
"5588","6948","663"
"5590","129609","663"
"5591","129610","663"
"5592","129611","663"
"5593","129612","663"
"5594","129613","663"
"5595","129614","663"
"5596","129630","663"
"5597","129631","663"
"5598","129632","663"
"5599","129633","663"
"5600","129634","663"
"5601","129635","663"
"5602","129636","663"
"5603","129637","663"
"5604","129638","663"
"5606","54443","664"
"5610","6948","664"
"5612","129639","664"
"5613","129640","664"
"5614","129641","664"
"5615","129643","664"
"5616","129642","664"
"5617","129644","664"
"5618","129646","664"
"5619","129647","664"
"5620","129648","664"
"5621","129649","664"
"5622","129650","664"
"5623","129651","664"
"5624","129652","664"
"5625","129653","664"
"5626","129654","664"
"5627","129655","664"
"5628","54443","665"
"5632","6948","665"
"5634","129480","665"
"5635","129481","665"
"5636","129482","665"
"5637","129483","665"
"5638","129484","665"
"5639","129485","665"
"5640","129486","665"
"5641","129487","665"
"5642","129502","665"
"5643","129503","665"
"5644","129507","665"
"5645","129504","665"
"5646","129505","665"
"5647","129506","665"
"5648","129508","665"
"5650","54443","666"
"5654","6948","666"
"5656","129501","666"
"5657","129500","666"
"5658","129499","666"
"5659","129498","666"
"5660","129495","666"
"5661","129496","666"
"5662","129494","666"
"5663","129493","666"
"5664","129497","666"
"5665","129492","666"
"5666","129491","666"
"5667","129490","666"
"5668","129489","666"
"5669","129488","666"
"5670","129509","666"
"5671","54443","667"
"5675","6948","667"
"5677","129508","667"
"5678","129487","667"
"5679","129486","667"
"5680","129485","667"
"5681","129484","667"
"5682","129483","667"
"5683","129482","667"
"5684","129481","667"
"5685","129480","667"
"5686","129477","667"
"5687","129479","667"
"5688","129478","667"
"5689","129476","667"
"5690","129475","667"
"5691","129474","667"
"5692","54443","668"
"5696","6948","668"
"5698","129456","668"
"5699","129441","668"
"5700","129440","668"
"5701","129439","668"
"5702","129438","668"
"5703","129437","668"
"5704","129436","668"
"5705","129434","668"
"5706","129433","668"
"5707","129432","668"
"5708","129431","668"
"5709","129430","668"
"5710","129429","668"
"5711","129428","668"
"5712","129427","668"
"5713","54443","669"
"5717","6948","669"
"5735","129441","669"
"5736","129440","669"
"5737","129439","669"
"5738","129438","669"
"5739","129437","669"
"5740","129436","669"
"5741","129435","669"
"5742","129434","669"
"5743","129433","669"
"5744","129432","669"
"5745","129431","669"
"5746","129430","669"
"5747","129429","669"
"5748","129428","669"
"5749","129427","669"
"5751","54443","670"
"5755","6948","670"
"5757","129455","670"
"5758","129454","670"
"5759","129453","670"
"5760","129452","670"
"5761","129451","670"
"5762","129450","670"
"5763","129449","670"
"5764","129448","670"
"5765","129447","670"
"5766","129446","670"
"5767","129445","670"
"5768","129444","670"
"5769","129443","670"
"5770","129442","670"
"5771","129426","670"
"5772","54443","671"
"5776","6948","671"
"5778","129472","671"
"5779","129471","671"
"5780","129470","671"
"5781","129469","671"
"5782","129468","671"
"5783","129467","671"
"5784","129466","671"
"5785","129465","671"
"5786","129464","671"
"5787","129463","671"
"5788","129462","671"
"5789","129461","671"
"5790","129460","671"
"5791","129459","671"
"5792","129458","671"
"5793","129457","671"
"5794","54443","672"
"5798","6948","672"
"5800","129473","672"
"5801","129472","672"
"5802","129470","672"
"5803","129469","672"
"5804","129468","672"
"5805","129467","672"
"5806","129466","672"
"5807","129465","672"
"5808","129464","672"
"5809","129463","672"
"5810","129462","672"
"5811","129461","672"
"5812","129460","672"
"5813","129459","672"
"5814","129458","672"
"5815","129457","672"
"5816","54443","673"
"5820","6948","673"
"5822","129470","673"
"5823","129469","673"
"5824","129468","673"
"5825","129467","673"
"5826","129466","673"
"5827","129465","673"
"5828","129464","673"
"5829","129463","673"
"5830","129462","673"
"5831","129461","673"
"5832","129460","673"
"5833","129459","673"
"5834","129458","673"
"5835","129457","673"
"5836","129471","673"
"5837","129472","673"
"5838","54443","674"
"5842","6948","674"
"5844","129688","674"
"5845","129687","674"
"5846","129686","674"
"5847","129685","674"
"5848","129684","674"
"5849","129683","674"
"5850","129682","674"
"5851","129663","674"
"5852","129662","674"
"5853","129661","674"
"5854","129660","674"
"5855","129659","674"
"5856","129658","674"
"5857","129657","674"
"5858","129656","674"
"5859","54443","675"
"5863","6948","675"
"5865","129679","675"
"5866","129678","675"
"5867","129677","675"
"5868","129676","675"
"5869","129675","675"
"5870","129674","675"
"5871","129672","675"
"5872","129673","675"
"5873","129671","675"
"5874","129670","675"
"5875","129669","675"
"5876","129668","675"
"5877","129667","675"
"5878","129666","675"
"5879","129665","675"
"5880","129664","675"
"5881","54443","676"
"5885","6948","676"
"5887","129702","676"
"5888","129701","676"
"5889","129700","676"
"5890","129699","676"
"5891","129697","676"
"5892","129698","676"
"5893","129696","676"
"5894","129695","676"
"5895","129694","676"
"5896","129693","676"
"5897","129692","676"
"5898","129691","676"
"5899","129690","676"
"5900","129689","676"
"5901","129681","676"
"5902","129680","676"
"5903","110560","676"
"5904","110560","675"
"5905","110560","674"
"5906","110560","673"
"5907","110560","672"
"5908","110560","671"
"5909","110560","670"
"5910","110560","669"
"5911","110560","668"
"5912","110560","667"
"5913","110560","666"
"5914","110560","665"
"5915","110560","664"
"5916","110560","663"
"5917","110560","662"
"5918","110560","661"
"5919","110560","660"
"5920","110560","659"
"5921","110560","658"
"5922","110560","657"
"5923","110560","656"
"5924","110560","655"
"5925","110560","654"
"5926","110560","653"
"5927","110560","652"
"5928","110560","651"
"5929","110560","650"
"5930","110560","649"
"5931","110560","648"
"5932","110560","647"
"5933","110560","646"
"5934","110560","645"
"5935","110560","644"
"5936","110560","643"
"5937","130192","676"
"5938","130192","675"
"5939","130192","674"
"5940","130192","673"
"5941","130192","672"
"5942","130192","671"
"5943","130192","670"
"5944","130192","669"
"5945","130192","668"
"5946","130192","667"
"5947","130192","666"
"5948","130192","665"
"5949","130192","664"
"5950","130192","663"
"5951","130192","662"
"5952","130192","661"
"5953","130192","660"
"5954","130192","659"
"5955","130192","658"
"5956","130192","657"
"5957","130192","656"
"5958","130192","655"
"5959","130192","654"
"5960","130192","653"
"5961","130192","652"
"5962","130192","651"
"5963","130192","650"
"5964","130192","649"
"5965","130192","648"
"5966","130192","647"
"5967","130192","646"
"5968","130192","645"
"5969","130192","644"
"5970","130192","643"
"5971","129645","662"
"5972","129593","643"
"5975","128950","581"
"5976","128955","581"
"5978","128952","581"
"5979","128947","581"
"5980","128954","581"
"5981","128949","581"
"5982","128951","581"
"5983","128953","581"
"5986","54443","680"
"5990","6948","680"
"5991","129455","680"
"5992","129454","680"
"5993","129453","680"
"5994","129452","680"
"5995","129451","680"
"5996","129450","680"
"5997","129449","680"
"5998","129448","680"
"5999","129447","680"
"6000","129446","680"
"6001","129445","680"
"6002","129444","680"
"6003","129443","680"
"6004","129442","680"
"6005","129426","680"
"6006","110560","680"
"6007","130192","680"
"6012","139012","581"
"6013","139013","581"
"6014","54443","685"
"6018","6948","685"
"6019","129456","685"
"6020","129441","685"
"6021","129440","685"
"6022","129439","685"
"6023","129438","685"
"6024","129437","685"
"6025","129436","685"
"6026","129434","685"
"6027","129433","685"
"6028","129432","685"
"6029","129431","685"
"6030","129430","685"
"6031","129429","685"
"6032","129428","685"
"6033","129427","685"
"6034","110560","685"
"6035","130192","685"
"6036","54443","686"
"6040","6948","686"
"6041","129526","686"
"6042","129527","686"
"6043","129528","686"
"6044","129529","686"
"6045","129530","686"
"6046","129531","686"
"6047","129532","686"
"6048","129533","686"
"6049","129534","686"
"6050","129538","686"
"6051","129539","686"
"6052","129540","686"
"6053","129541","686"
"6054","129542","686"
"6055","129543","686"
"6056","110560","686"
"6057","130192","686"
"6058","54443","687"
"6062","6948","687"
"6063","129410","687"
"6064","129411","687"
"6065","129412","687"
"6066","129413","687"
"6067","129414","687"
"6068","129415","687"
"6069","129416","687"
"6070","129417","687"
"6071","129418","687"
"6072","129419","687"
"6073","129420","687"
"6074","129421","687"
"6075","129422","687"
"6076","129424","687"
"6077","129425","687"
"6078","110560","687"
"6079","130192","687"
"6080","54443","688"
"6084","6948","688"
"6085","129615","688"
"6086","129616","688"
"6087","129617","688"
"6088","129618","688"
"6089","129619","688"
"6090","129620","688"
"6091","129621","688"
"6092","129622","688"
"6093","129623","688"
"6094","129624","688"
"6095","129625","688"
"6096","129626","688"
"6097","129627","688"
"6098","129628","688"
"6099","129629","688"
"6100","110560","688"
"6101","130192","688"
"6102","129645","688"
"6103","54443","689"
"6107","6948","689"
"6108","129470","689"
"6109","129469","689"
"6110","129468","689"
"6111","129467","689"
"6112","129466","689"
"6113","129465","689"
"6114","129464","689"
"6115","129463","689"
"6116","129462","689"
"6117","129461","689"
"6118","129460","689"
"6119","129459","689"
"6120","129458","689"
"6121","129457","689"
"6122","129471","689"
"6123","129472","689"
"6124","110560","689"
"6125","130192","689"
"6126","54443","690"
"6130","6948","690"
"6131","129380","690"
"6132","129381","690"
"6133","129382","690"
"6134","129383","690"
"6135","129384","690"
"6136","129385","690"
"6137","129386","690"
"6138","129388","690"
"6139","129387","690"
"6140","129389","690"
"6141","129390","690"
"6142","129391","690"
"6143","129392","690"
"6144","129393","690"
"6145","129394","690"
"6146","110560","690"
"6147","130192","690"
"6148","54443","691"
"6152","6948","691"
"6153","129688","691"
"6154","129687","691"
"6155","129686","691"
"6156","129685","691"
"6157","129684","691"
"6158","129683","691"
"6159","129682","691"
"6160","129663","691"
"6161","129662","691"
"6162","129661","691"
"6163","129660","691"
"6164","129659","691"
"6165","129658","691"
"6166","129657","691"
"6167","129656","691"
"6168","110560","691"
"6169","130192","691"
"6170","54443","692"
"6174","6948","692"
"6175","129480","692"
"6176","129481","692"
"6177","129482","692"
"6178","129483","692"
"6179","129484","692"
"6180","129485","692"
"6181","129486","692"
"6182","129487","692"
"6183","129502","692"
"6184","129503","692"
"6185","129507","692"
"6186","129504","692"
"6187","129505","692"
"6188","129506","692"
"6189","129508","692"
"6191","110560","692"
"6192","130192","692"
"6193","54443","693"
"6197","6948","693"
"6198","129510","693"
"6199","129511","693"
"6200","129513","693"
"6201","129512","693"
"6202","129514","693"
"6203","129515","693"
"6204","129516","693"
"6205","129517","693"
"6206","129518","693"
"6207","129519","693"
"6208","129520","693"
"6209","129521","693"
"6210","129522","693"
"6211","129524","693"
"6212","129525","693"
"6213","110560","693"
"6214","130192","693"
"6215","54443","694"
"6219","6948","694"
"6220","129703","694"
"6221","129704","694"
"6222","129705","694"
"6223","129707","694"
"6224","129706","694"
"6225","129708","694"
"6226","129709","694"
"6227","129710","694"
"6228","129711","694"
"6229","129712","694"
"6230","129713","694"
"6231","129714","694"
"6232","129715","694"
"6233","129716","694"
"6234","129717","694"
"6235","110560","694"
"6236","130192","694"
"6237","54443","695"
"6241","6948","695"
"6242","129558","695"
"6243","129559","695"
"6244","129560","695"
"6245","129562","695"
"6246","129561","695"
"6247","129563","695"
"6248","129578","695"
"6249","129579","695"
"6250","129580","695"
"6251","129581","695"
"6252","129582","695"
"6253","129583","695"
"6254","129584","695"
"6255","129585","695"
"6256","129586","695"
"6257","110560","695"
"6258","130192","695"
"6261","54443","701"
"6265","6948","701"
"6266","129473","701"
"6267","129472","701"
"6268","129470","701"
"6269","129469","701"
"6270","129468","701"
"6271","129467","701"
"6272","129466","701"
"6273","129465","701"
"6274","129464","701"
"6275","129463","701"
"6276","129462","701"
"6277","129461","701"
"6278","129460","701"
"6279","129459","701"
"6280","129458","701"
"6281","129457","701"
"6282","110560","701"
"6283","130192","701"
"6284","54443","702"
"6288","6948","702"
"6289","129473","702"
"6290","129472","702"
"6291","129470","702"
"6292","129469","702"
"6293","129468","702"
"6294","129467","702"
"6295","129466","702"
"6296","129465","702"
"6297","129464","702"
"6298","129463","702"
"6299","129462","702"
"6300","129461","702"
"6301","129460","702"
"6302","129459","702"
"6303","129458","702"
"6304","129457","702"
"6305","110560","702"
"6306","130192","702"
"6307","54443","704"
"6311","6948","704"
"6312","129473","704"
"6313","129472","704"
"6314","129470","704"
"6315","129469","704"
"6316","129468","704"
"6317","129467","704"
"6318","129466","704"
"6319","129465","704"
"6320","129464","704"
"6321","129463","704"
"6322","129462","704"
"6323","129461","704"
"6324","129460","704"
"6325","129459","704"
"6326","129458","704"
"6327","129457","704"
"6328","110560","704"
"6329","130192","704"
"6330","54443","705"
"6334","6948","705"
"6335","129470","705"
"6336","129469","705"
"6337","129468","705"
"6338","129467","705"
"6339","129466","705"
"6340","129465","705"
"6341","129464","705"
"6342","129463","705"
"6343","129462","705"
"6344","129461","705"
"6345","129460","705"
"6346","129459","705"
"6347","129458","705"
"6348","129457","705"
"6349","129471","705"
"6350","129472","705"
"6351","110560","705"
"6352","130192","705"
"6353","54443","706"
"6357","6948","706"
"6358","129702","706"
"6359","129701","706"
"6360","129700","706"
"6361","129699","706"
"6362","129697","706"
"6363","129698","706"
"6364","129696","706"
"6365","129695","706"
"6366","129694","706"
"6367","129693","706"
"6368","129692","706"
"6369","129691","706"
"6370","129690","706"
"6371","129689","706"
"6372","129681","706"
"6373","129680","706"
"6374","110560","706"
"6375","130192","706"
"6376","54443","707"
"6380","6948","707"
"6381","129639","707"
"6382","129640","707"
"6383","129641","707"
"6384","129643","707"
"6385","129642","707"
"6386","129644","707"
"6387","129646","707"
"6388","129647","707"
"6389","129648","707"
"6390","129649","707"
"6391","129650","707"
"6392","129651","707"
"6393","129652","707"
"6394","129653","707"
"6395","129654","707"
"6396","129655","707"
"6397","110560","707"
"6398","130192","707"
"6399","54443","708"
"6403","6948","708"
"6404","129609","708"
"6405","129610","708"
"6406","129611","708"
"6407","129612","708"
"6408","129613","708"
"6409","129614","708"
"6410","129630","708"
"6411","129631","708"
"6412","129632","708"
"6413","129633","708"
"6414","129634","708"
"6415","129635","708"
"6416","129636","708"
"6417","129637","708"
"6418","129638","708"
"6420","110560","708"
"6421","130192","708"
"6422","54443","709"
"6426","6948","709"
"6427","129615","709"
"6428","129616","709"
"6429","129617","709"
"6430","129618","709"
"6431","129619","709"
"6432","129620","709"
"6433","129621","709"
"6434","129622","709"
"6435","129623","709"
"6436","129624","709"
"6437","129625","709"
"6438","129626","709"
"6439","129627","709"
"6440","129628","709"
"6441","129629","709"
"6442","110560","709"
"6443","130192","709"
"6444","129645","709"
"6445","54443","710"
"6449","6948","710"
"6450","129703","710"
"6451","129704","710"
"6452","129705","710"
"6453","129707","710"
"6454","129706","710"
"6455","129708","710"
"6456","129709","710"
"6457","129710","710"
"6458","129711","710"
"6459","129712","710"
"6460","129713","710"
"6461","129714","710"
"6462","129715","710"
"6463","129716","710"
"6464","129717","710"
"6465","110560","710"
"6466","130192","710"
"6467","54443","711"
"6471","6948","711"
"6472","129703","711"
"6473","129704","711"
"6474","129705","711"
"6475","129707","711"
"6476","129706","711"
"6477","129708","711"
"6478","129709","711"
"6479","129710","711"
"6480","129711","711"
"6481","129712","711"
"6482","129713","711"
"6483","129714","711"
"6484","129715","711"
"6485","129716","711"
"6486","129717","711"
"6487","110560","711"
"6488","130192","711"
"6489","54443","712"
"6493","6948","712"
"6494","129380","712"
"6495","129381","712"
"6496","129382","712"
"6497","129383","712"
"6498","129384","712"
"6499","129385","712"
"6500","129386","712"
"6501","129388","712"
"6502","129387","712"
"6503","129389","712"
"6504","129390","712"
"6505","129391","712"
"6506","129392","712"
"6507","129393","712"
"6508","129394","712"
"6509","110560","712"
"6510","130192","712"
"6511","54443","713"
"6515","6948","713"
"6516","129380","713"
"6517","129381","713"
"6518","129382","713"
"6519","129383","713"
"6520","129384","713"
"6521","129385","713"
"6522","129386","713"
"6523","129388","713"
"6524","129387","713"
"6525","129389","713"
"6526","129390","713"
"6527","129391","713"
"6528","129392","713"
"6529","129393","713"
"6530","129394","713"
"6531","110560","713"
"6532","130192","713"
"6533","54443","714"
"6537","6948","714"
"6538","129703","714"
"6539","129704","714"
"6540","129705","714"
"6541","129707","714"
"6542","129706","714"
"6543","129708","714"
"6544","129709","714"
"6545","129710","714"
"6546","129711","714"
"6547","129712","714"
"6548","129713","714"
"6549","129714","714"
"6550","129715","714"
"6551","129716","714"
"6552","129717","714"
"6553","110560","714"
"6554","130192","714"
"6555","54443","715"
"6559","6948","715"
"6560","129410","715"
"6561","129411","715"
"6562","129412","715"
"6563","129413","715"
"6564","129414","715"
"6565","129415","715"
"6566","129416","715"
"6567","129417","715"
"6568","129418","715"
"6569","129419","715"
"6570","129420","715"
"6571","129421","715"
"6572","129422","715"
"6573","129424","715"
"6574","129425","715"
"6575","110560","715"
"6576","130192","715"
"6577","54443","716"
"6581","6948","716"
"6582","129410","716"
"6583","129411","716"
"6584","129412","716"
"6585","129413","716"
"6586","129414","716"
"6587","129415","716"
"6588","129416","716"
"6589","129417","716"
"6590","129418","716"
"6591","129419","716"
"6592","129420","716"
"6593","129421","716"
"6594","129422","716"
"6595","129424","716"
"6596","129425","716"
"6597","110560","716"
"6598","130192","716"
"6599","54443","717"
"6603","6948","717"
"6604","129526","717"
"6605","129527","717"
"6606","129528","717"
"6607","129529","717"
"6608","129530","717"
"6609","129531","717"
"6610","129532","717"
"6611","129533","717"
"6612","129534","717"
"6613","129538","717"
"6614","129539","717"
"6615","129540","717"
"6616","129541","717"
"6617","129542","717"
"6618","129543","717"
"6619","110560","717"
"6620","130192","717"
"6621","54443","718"
"6625","6948","718"
"6626","129456","718"
"6627","129441","718"
"6628","129440","718"
"6629","129439","718"
"6630","129438","718"
"6631","129437","718"
"6632","129436","718"
"6633","129434","718"
"6634","129433","718"
"6635","129432","718"
"6636","129431","718"
"6637","129430","718"
"6638","129429","718"
"6639","129428","718"
"6640","129427","718"
"6641","110560","718"
"6642","130192","718"
"6643","54443","719"
"6647","6948","719"
"6648","129536","719"
"6649","129537","719"
"6650","129544","719"
"6651","129545","719"
"6652","129546","719"
"6653","129547","719"
"6654","129548","719"
"6655","129549","719"
"6656","129550","719"
"6657","129551","719"
"6658","129552","719"
"6659","129553","719"
"6660","129554","719"
"6661","129555","719"
"6662","129556","719"
"6663","129557","719"
"6664","110560","719"
"6665","130192","719"
"6666","54443","720"
"6670","6948","720"
"6671","129455","720"
"6672","129454","720"
"6673","129453","720"
"6674","129452","720"
"6675","129451","720"
"6676","129450","720"
"6677","129449","720"
"6678","129448","720"
"6679","129447","720"
"6680","129446","720"
"6681","129445","720"
"6682","129444","720"
"6683","129443","720"
"6684","129442","720"
"6685","129426","720"
"6686","110560","720"
"6687","130192","720"
"6688","54443","721"
"6692","6948","721"
"6693","129441","721"
"6694","129440","721"
"6695","129439","721"
"6696","129438","721"
"6697","129437","721"
"6698","129436","721"
"6699","129435","721"
"6700","129434","721"
"6701","129433","721"
"6702","129432","721"
"6703","129431","721"
"6704","129430","721"
"6705","129429","721"
"6706","129428","721"
"6707","129427","721"
"6709","110560","721"
"6710","130192","721"
"6711","54443","722"
"6715","6948","722"
"6716","129374","722"
"6717","129375","722"
"6718","129376","722"
"6719","129377","722"
"6720","129378","722"
"6721","129395","722"
"6722","129396","722"
"6723","129397","722"
"6724","129398","722"
"6725","129399","722"
"6726","129400","722"
"6727","129401","722"
"6728","129402","722"
"6729","129403","722"
"6730","129404","722"
"6731","110560","722"
"6732","130192","722"
"6733","54443","723"
"6737","6948","723"
"6738","129472","723"
"6739","129471","723"
"6740","129470","723"
"6741","129469","723"
"6742","129468","723"
"6743","129467","723"
"6744","129466","723"
"6745","129465","723"
"6746","129464","723"
"6747","129463","723"
"6748","129462","723"
"6749","129461","723"
"6750","129460","723"
"6751","129459","723"
"6752","129458","723"
"6753","129457","723"
"6754","110560","723"
"6755","130192","723"
"6756","54443","724"
"6760","6948","724"
"6761","129501","724"
"6762","129500","724"
"6763","129499","724"
"6764","129498","724"
"6765","129495","724"
"6766","129496","724"
"6767","129494","724"
"6768","129493","724"
"6769","129497","724"
"6770","129492","724"
"6771","129491","724"
"6772","129490","724"
"6773","129489","724"
"6774","129488","724"
"6775","129509","724"
"6776","110560","724"
"6777","130192","724"
"6778","54443","725"
"6782","6948","725"
"6783","129564","725"
"6784","129565","725"
"6785","129566","725"
"6786","129567","725"
"6787","129568","725"
"6788","129569","725"
"6789","129570","725"
"6790","129571","725"
"6791","129572","725"
"6792","129573","725"
"6793","129574","725"
"6794","129575","725"
"6795","129576","725"
"6796","129577","725"
"6797","110560","725"
"6798","130192","725"
"6799","129593","725"
"6800","54443","726"
"6804","6948","726"
"6805","129603","726"
"6806","129604","726"
"6807","129605","726"
"6808","129606","726"
"6809","129607","726"
"6810","129608","726"
"6811","129578","726"
"6812","129579","726"
"6813","129580","726"
"6814","129581","726"
"6815","129582","726"
"6816","129583","726"
"6817","129584","726"
"6818","129585","726"
"6819","129586","726"
"6820","110560","726"
"6821","130192","726"
"6822","54443","727"
"6826","6948","727"
"6827","129587","727"
"6828","129588","727"
"6829","129589","727"
"6830","129590","727"
"6831","129591","727"
"6832","129592","727"
"6833","129594","727"
"6834","129595","727"
"6835","129596","727"
"6836","129597","727"
"6837","129598","727"
"6838","129599","727"
"6839","129600","727"
"6840","129601","727"
"6841","129602","727"
"6842","110560","727"
"6843","130192","727"
"6844","54443","728"
"6848","6948","728"
"6849","129558","728"
"6850","129559","728"
"6851","129560","728"
"6852","129562","728"
"6853","129561","728"
"6854","129563","728"
"6855","129578","728"
"6856","129579","728"
"6857","129580","728"
"6858","129581","728"
"6859","129582","728"
"6860","129583","728"
"6861","129584","728"
"6862","129585","728"
"6863","129586","728"
"6864","110560","728"
"6865","130192","728"
"6866","54443","729"
"6870","6948","729"
"6871","129510","729"
"6872","129511","729"
"6873","129513","729"
"6874","129512","729"
"6875","129514","729"
"6876","129515","729"
"6877","129516","729"
"6878","129517","729"
"6879","129518","729"
"6880","129519","729"
"6881","129520","729"
"6882","129521","729"
"6883","129522","729"
"6884","129524","729"
"6885","129525","729"
"6886","110560","729"
"6887","130192","729"
"6888","54443","730"
"6892","6948","730"
"6893","129510","730"
"6894","129511","730"
"6895","129513","730"
"6896","129512","730"
"6897","129514","730"
"6898","129515","730"
"6899","129516","730"
"6900","129517","730"
"6901","129518","730"
"6902","129519","730"
"6903","129520","730"
"6904","129521","730"
"6905","129522","730"
"6906","129524","730"
"6907","129525","730"
"6908","110560","730"
"6909","130192","730"
"6910","54443","731"
"6914","6948","731"
"6915","129510","731"
"6916","129511","731"
"6917","129513","731"
"6918","129512","731"
"6919","129514","731"
"6920","129515","731"
"6921","129516","731"
"6922","129517","731"
"6923","129518","731"
"6924","129519","731"
"6925","129520","731"
"6926","129521","731"
"6927","129522","731"
"6928","129524","731"
"6929","129525","731"
"6930","110560","731"
"6931","130192","731"
"6932","54443","732"
"6936","6948","732"
"6937","129410","732"
"6938","129411","732"
"6939","129412","732"
"6940","129413","732"
"6941","129414","732"
"6942","129415","732"
"6943","129416","732"
"6944","129417","732"
"6945","129418","732"
"6946","129419","732"
"6947","129420","732"
"6948","129421","732"
"6949","129422","732"
"6950","129424","732"
"6951","129425","732"
"6952","110560","732"
"6953","130192","732"
"6954","54443","733"
"6958","6948","733"
"6959","129527","733"
"6960","129528","733"
"6961","129529","733"
"6962","129530","733"
"6963","129531","733"
"6964","129532","733"
"6965","129533","733"
"6966","129534","733"
"6967","129535","733"
"6968","129538","733"
"6969","129539","733"
"6970","129540","733"
"6971","129541","733"
"6972","129542","733"
"6973","129543","733"
"6975","110560","733"
"6976","130192","733"
"6977","54443","734"
"6981","6948","734"
"6982","129508","734"
"6983","129487","734"
"6984","129486","734"
"6985","129485","734"
"6986","129484","734"
"6987","129483","734"
"6988","129482","734"
"6989","129481","734"
"6990","129480","734"
"6991","129477","734"
"6992","129479","734"
"6993","129478","734"
"6994","129476","734"
"6995","129475","734"
"6996","129474","734"
"6997","110560","734"
"6998","130192","734"
"6999","54443","735"
"7003","6948","735"
"7004","129480","735"
"7005","129481","735"
"7006","129482","735"
"7007","129483","735"
"7008","129484","735"
"7009","129485","735"
"7010","129486","735"
"7011","129487","735"
"7012","129502","735"
"7013","129503","735"
"7014","129507","735"
"7015","129504","735"
"7016","129505","735"
"7017","129506","735"
"7018","129508","735"
"7020","110560","735"
"7021","130192","735"
"7022","54443","736"
"7026","6948","736"
"7027","129688","736"
"7028","129687","736"
"7029","129686","736"
"7030","129685","736"
"7031","129684","736"
"7032","129683","736"
"7033","129682","736"
"7034","129663","736"
"7035","129662","736"
"7036","129661","736"
"7037","129660","736"
"7038","129659","736"
"7039","129658","736"
"7040","129657","736"
"7041","129656","736"
"7042","110560","736"
"7043","130192","736"
"7044","54443","737"
"7048","6948","737"
"7049","129679","737"
"7050","129678","737"
"7051","129677","737"
"7052","129676","737"
"7053","129675","737"
"7054","129674","737"
"7055","129672","737"
"7056","129673","737"
"7057","129671","737"
"7058","129670","737"
"7059","129669","737"
"7060","129668","737"
"7061","129667","737"
"7062","129666","737"
"7063","129665","737"
"7064","129664","737"
"7065","110560","737"
"7066","130192","737"
"7067","141410","685"
"7068","141410","686"
"7069","141410","687"
"7070","141410","688"
"7071","141410","689"
"7072","141410","690"
"7073","141410","691"
"7074","141410","692"
"7075","141410","693"
"7076","141410","694"
"7077","141410","695"
"7078","141410","701"
"7079","141410","702"
"7080","54443","738"
"7084","6948","738"
"7085","129564","738"
"7086","129565","738"
"7087","129566","738"
"7088","129567","738"
"7089","129568","738"
"7090","129569","738"
"7091","129570","738"
"7092","129571","738"
"7093","129572","738"
"7094","129573","738"
"7095","129574","738"
"7096","129575","738"
"7097","129576","738"
"7098","129577","738"
"7099","110560","738"
"7100","130192","738"
"7101","129593","738"
"7102","141410","738"
"7106","141410","672"
"7107","141410","673"
"7108","141410","674"
"7109","141410","675"
"7110","141410","676"
"7111","141410","665"
"7112","141410","664"
"7113","141410","663"
"7114","141410","662"
"7115","141410","661"
"7116","141410","660"
"7117","141410","657"
"7118","141410","658"
"7119","141410","659"
"7120","141410","651"
"7121","141410","652"
"7122","141410","653"
"7123","141410","668"
"7124","141410","655"
"7125","141410","670"
"7126","141410","669"
"7127","141410","656"
"7128","141410","671"
"7129","141410","666"
"7130","141410","643"
"7131","141410","644"
"7132","141410","645"
"7133","141410","646"
"7134","141410","647"
"7135","141410","648"
"7136","141410","649"
"7137","141410","650"
"7138","141410","654"
"7139","141410","667"
"7154","142021","661"
"7196","142023","668"
"7197","142023","653"
"7198","142023","643"
"7199","142023","646"
"7200","142023","659"
"7201","142023","661"
"7202","142023","665"
"7203","142023","674"
"7204","142023","673"
"7205","142023","662"
"7206","142023","663"
"7207","142023","670"
"7208","142023","669"
"7209","142023","701"
"7210","142023","702"
"7211","142023","660"
"7212","142023","667"
"7213","142023","666"
"7214","142023","675"
"7215","142023","676"
"7216","142023","672"
"7217","142023","671"
"7218","142023","664"
"7219","142023","654"
"7220","142023","655"
"1165","72994","153"
"1329","72998","162"
"2110","88649","354"
"2625","92110","419"
"2806","92112","428"
"2934","92405","435"
"4254","54443","506"
"4255","54443","506"
"4256","54443","506"
"4259","54443","510"
"4260","54443","510"
"4261","54443","510"
"4264","54443","511"
"4265","54443","511"
"4266","54443","511"
"4269","54443","512"
"4270","54443","512"
"4271","54443","512"
"4274","54443","513"
"4275","54443","513"
"4276","54443","513"
"4279","54443","514"
"4280","54443","514"
"4281","54443","514"
"4284","54443","515"
"4285","54443","515"
"4286","54443","515"
"4289","54443","523"
"4290","54443","523"
"4291","54443","523"
"4294","54443","524"
"4295","54443","524"
"4296","54443","524"
"4299","54443","525"
"4300","54443","525"
"4301","54443","525"
"4304","54443","526"
"4305","54443","526"
"4306","54443","526"
"4309","54443","527"
"4310","54443","527"
"4311","54443","527"
"4314","54443","528"
"4315","54443","528"
"4316","54443","528"
"4332","54443","529"
"4333","54443","529"
"4334","54443","529"
"4338","54443","530"
"4339","54443","530"
"4340","54443","530"
"4344","54443","531"
"4345","54443","531"
"4346","54443","531"
"4350","54443","532"
"4351","54443","532"
"4352","54443","532"
"4356","54443","533"
"4357","54443","533"
"4358","54443","533"
"4362","54443","534"
"4363","54443","534"
"4364","54443","534"
"4368","54443","535"
"4369","54443","535"
"4370","54443","535"
"4374","54443","536"
"4375","54443","536"
"4376","54443","536"
"4380","54443","537"
"4381","54443","537"
"4382","54443","537"
"4386","54443","538"
"4387","54443","538"
"4388","54443","538"
"4392","54443","539"
"4393","54443","539"
"4394","54443","539"
"4398","54443","540"
"4399","54443","540"
"4400","54443","540"
"4404","54443","541"
"4405","54443","541"
"4406","54443","541"
"4410","54443","542"
"4411","54443","542"
"4412","54443","542"
"4416","54443","543"
"4417","54443","543"
"4418","54443","543"
"4422","54443","544"
"4423","54443","544"
"4424","54443","544"
"4428","54443","545"
"4429","54443","545"
"4430","54443","545"
"4434","54443","546"
"4435","54443","546"
"4436","54443","546"
"4440","54443","547"
"4441","54443","547"
"4442","54443","547"
"4446","54443","548"
"4447","54443","548"
"4448","54443","548"
"4452","54443","549"
"4453","54443","549"
"4454","54443","549"
"4609","117028","514"
"5106","117155","527"
"4991","117279","529"
"5149","54443","643"
"5150","54443","643"
"5151","54443","643"
"5184","54443","644"
"5185","54443","644"
"5186","54443","644"
"5205","54443","645"
"5206","54443","645"
"5207","54443","645"
"5226","54443","646"
"5227","54443","646"
"5228","54443","646"
"5247","54443","647"
"5248","54443","647"
"5249","54443","647"
"5268","54443","648"
"5269","54443","648"
"5270","54443","648"
"5289","54443","649"
"5290","54443","649"
"5291","54443","649"
"5310","54443","650"
"5311","54443","650"
"5312","54443","650"
"5331","54443","651"
"5332","54443","651"
"5333","54443","651"
"5352","54443","652"
"5353","54443","652"
"5354","54443","652"
"5373","54443","653"
"5374","54443","653"
"5375","54443","653"
"5394","54443","654"
"5395","54443","654"
"5396","54443","654"
"5414","129535","654"
"5416","54443","655"
"5417","54443","655"
"5418","54443","655"
"5438","54443","656"
"5439","54443","656"
"5440","54443","656"
"5459","54443","657"
"5460","54443","657"
"5461","54443","657"
"5480","54443","658"
"5481","54443","658"
"5482","54443","658"
"5501","54443","659"
"5502","54443","659"
"5503","54443","659"
"5522","54443","660"
"5523","54443","660"
"5524","54443","660"
"5543","54443","661"
"5544","54443","661"
"5545","54443","661"
"5564","54443","662"
"5565","54443","662"
"5566","54443","662"
"5585","54443","663"
"5586","54443","663"
"5587","54443","663"
"5605","129630","663"
"5607","54443","664"
"5608","54443","664"
"5609","54443","664"
"5629","54443","665"
"5630","54443","665"
"5631","54443","665"
"5649","129502","665"
"5651","54443","666"
"5652","54443","666"
"5653","54443","666"
"5672","54443","667"
"5673","54443","667"
"5674","54443","667"
"5693","54443","668"
"5694","54443","668"
"5695","54443","668"
"5714","54443","669"
"5715","54443","669"
"5716","54443","669"
"5750","129435","669"
"5752","54443","670"
"5753","54443","670"
"5754","54443","670"
"5773","54443","671"
"5774","54443","671"
"5775","54443","671"
"5795","54443","672"
"5796","54443","672"
"5797","54443","672"
"5817","54443","673"
"5818","54443","673"
"5819","54443","673"
"5839","54443","674"
"5840","54443","674"
"5841","54443","674"
"5860","54443","675"
"5861","54443","675"
"5862","54443","675"
"5882","54443","676"
"5883","54443","676"
"5884","54443","676"
"5987","54443","680"
"5988","54443","680"
"5989","54443","680"
"6015","54443","685"
"6016","54443","685"
"6017","54443","685"
"6037","54443","686"
"6038","54443","686"
"6039","54443","686"
"6059","54443","687"
"6060","54443","687"
"6061","54443","687"
"6081","54443","688"
"6082","54443","688"
"6083","54443","688"
"6104","54443","689"
"6105","54443","689"
"6106","54443","689"
"6127","54443","690"
"6128","54443","690"
"6129","54443","690"
"6149","54443","691"
"6150","54443","691"
"6151","54443","691"
"6171","54443","692"
"6172","54443","692"
"6173","54443","692"
"6190","129502","692"
"6194","54443","693"
"6195","54443","693"
"6196","54443","693"
"6216","54443","694"
"6217","54443","694"
"6218","54443","694"
"6238","54443","695"
"6239","54443","695"
"6240","54443","695"
"6262","54443","701"
"6263","54443","701"
"6264","54443","701"
"6285","54443","702"
"6286","54443","702"
"6287","54443","702"
"6308","54443","704"
"6309","54443","704"
"6310","54443","704"
"6331","54443","705"
"6332","54443","705"
"6333","54443","705"
"6354","54443","706"
"6355","54443","706"
"6356","54443","706"
"6377","54443","707"
"6378","54443","707"
"6379","54443","707"
"6400","54443","708"
"6401","54443","708"
"6402","54443","708"
"6419","129630","708"
"6423","54443","709"
"6424","54443","709"
"6425","54443","709"
"6446","54443","710"
"6447","54443","710"
"6448","54443","710"
"6468","54443","711"
"6469","54443","711"
"6470","54443","711"
"6490","54443","712"
"6491","54443","712"
"6492","54443","712"
"6512","54443","713"
"6513","54443","713"
"6514","54443","713"
"6534","54443","714"
"6535","54443","714"
"6536","54443","714"
"6556","54443","715"
"6557","54443","715"
"6558","54443","715"
"6578","54443","716"
"6579","54443","716"
"6580","54443","716"
"6600","54443","717"
"6601","54443","717"
"6602","54443","717"
"6622","54443","718"
"6623","54443","718"
"6624","54443","718"
"6644","54443","719"
"6645","54443","719"
"6646","54443","719"
"6667","54443","720"
"6668","54443","720"
"6669","54443","720"
"6689","54443","721"
"6690","54443","721"
"6691","54443","721"
"6708","129435","721"
"6712","54443","722"
"6713","54443","722"
"6714","54443","722"
"6734","54443","723"
"6735","54443","723"
"6736","54443","723"
"6757","54443","724"
"6758","54443","724"
"6759","54443","724"
"6779","54443","725"
"6780","54443","725"
"6781","54443","725"
"6801","54443","726"
"6802","54443","726"
"6803","54443","726"
"6823","54443","727"
"6824","54443","727"
"6825","54443","727"
"6845","54443","728"
"6846","54443","728"
"6847","54443","728"
"6867","54443","729"
"6868","54443","729"
"6869","54443","729"
"6889","54443","730"
"6890","54443","730"
"6891","54443","730"
"6911","54443","731"
"6912","54443","731"
"6913","54443","731"
"6933","54443","732"
"6934","54443","732"
"6935","54443","732"
"6955","54443","733"
"6956","54443","733"
"6957","54443","733"
"6974","129535","733"
"6978","54443","734"
"6979","54443","734"
"6980","54443","734"
"7000","54443","735"
"7001","54443","735"
"7002","54443","735"
"7019","129502","735"
"7023","54443","736"
"7024","54443","736"
"7025","54443","736"
"7045","54443","737"
"7046","54443","737"
"7047","54443","737"
"7081","54443","738"
"7082","54443","738"
"7083","54443","738"
