Id,Unknown0,Unknown1,Unknown2,Unknown3
"1566","61633","757","0","3"
"1568","46832","774","0","4"
"1569","71852","774","0","2"
"1570","71860","774","0","4"
"1572","33333","777","0","4"
"1573","71851","777","0","2"
"1574","71853","777","0","4"
"1575","92711","778","0","4"
"1577","71852","778","0","2"
"1578","71860","778","0","4"
"1579","23047","780","0","4"
"1581","71852","780","0","2"
"1582","71860","780","0","4"
"1583","37210","631","0","2"
"1584","37211","631","0","4"
"1585","37207","630","0","2"
"1586","37209","630","0","4"
"1587","38426","681","0","4"
"1588","38425","681","0","2"
"1589","41659","476","0","2"
"1590","24461","476","0","3"
"1591","24462","476","0","5"
"1592","41831","477","0","2"
"1593","24465","477","0","3"
"1594","24467","477","0","5"
"1595","37306","640","0","2"
"1596","37311","640","0","2"
"1597","37298","640","0","4"
"1598","37299","640","0","4"
"1600","23047","592","0","4"
"1602","33018","593","0","4"
"1603","41770","475","0","2"
"1604","24457","475","0","3"
"1605","24460","475","0","5"
"1606","41841","557","0","3"
"1608","44292","723","0","4"
"1610","61776","583","0","4"
"1612","46834","688","0","4"
"1614","46834","685","0","4"
"1615","41733","161","0","5"
"1616","41732","161","0","3"
"1617","41731","161","0","2"
"1618","41730","161","0","4"
"1619","41838","241","0","2"
"1620","29068","536","0","3"
"1621","28787","528","0","8"
"1622","28789","528","0","6"
"1623","28775","528","0","2"
"1624","28774","528","0","4"
"1625","41832","619","0","3"
"1626","41783","565","0","3"
"1627","41906","391","0","2"
"1628","23047","391","0","3"
"1629","41905","391","0","6"
"1630","41771","576","0","3"
"1631","41830","465","0","2"
"1632","41823","466","0","2"
"1633","41821","478","0","2"
"1634","24469","478","0","3"
"1635","24471","478","0","5"
"1636","41658","558","0","3"
"1637","41756","384","0","2"
"1638","22738","384","0","3"
"1639","41755","384","0","6"
"1640","17332","65","0","2"
"1641","41709","341","0","2"
"1642","23025","341","0","4"
"1643","41708","341","0","6"
"1644","41703","342","0","2"
"1645","23044","342","0","4"
"1646","41702","342","0","6"
"1648","33877","609","0","4"
"1649","41815","346","0","2"
"1650","41814","346","0","6"
"1651","23047","346","0","4"
"1652","39881","556","0","3"
"1653","37295","639","0","2"
"1654","37297","639","0","4"
"1655","44299","686","0","4"
"1657","41809","551","0","6"
"1658","23218","551","0","4"
"1659","41808","551","0","2"
"1660","26111","495","0","3"
"1661","39420","472","0","3"
"1662","41639","472","0","2"
"1664","23302","587","0","4"
"1665","41878","613","0","2"
"1666","41877","613","0","4"
"1668","23218","584","0","4"
"1669","51273","754","0","2"
"1670","51274","754","0","4"
"1671","51223","756","0","2"
"1672","51225","756","0","4"
"1673","57943","781","0","2"
"1674","29068","781","0","3"
"1675","57944","781","0","4"
"1676","57943","782","0","2"
"1677","29068","782","0","3"
"1678","57944","782","0","4"
"1679","57943","784","0","2"
"1680","29068","784","0","3"
"1681","57944","784","0","4"
"1682","60174","788","0","2"
"1683","60176","788","0","4"
"1684","60173","787","0","2"
"1685","60175","787","0","4"
"1686","37228","635","0","2"
"1687","37237","635","0","4"
"1688","38417","678","0","2"
"1689","38420","678","0","4"
"1690","41799","549","0","2"
"1691","23044","549","0","4"
"1692","41798","549","0","6"
"1693","41853","487","0","2"
"1694","39486","487","0","3"
"1695","23554","203","0","3"
"1696","21741","203","0","5"
"1697","23553","203","0","8"
"1698","39507","205","0","5"
"1699","23556","205","0","8"
"1700","41718","205","0","3"
"1701","23572","207","0","5"
"1702","21895","207","0","3"
"1703","23573","207","0","8"
"1704","23048","745","0","4"
"1706","22804","746","0","4"
"1708","41655","562","0","3"
"1709","41742","563","0","3"
"1710","41766","392","0","6"
"1711","23047","392","0","3"
"1712","41765","392","0","2"
"1713","41849","484","0","2"
"1714","41643","484","0","3"
"1715","23048","548","0","4"
"1716","41797","548","0","6"
"1717","41796","548","0","2"
"1719","33018","703","0","4"
"1720","41726","124","0","2"
"1721","41725","124","0","3"
"1722","41724","124","0","4"
"1723","41723","124","0","5"
"1724","41678","566","0","2"
"1726","33333","707","0","4"
"1727","18979","142","0","2"
"1728","23863","142","0","3"
"1729","41845","142","0","4"
"1730","26172","508","0","3"
"1731","28829","529","0","4"
"1732","28830","529","0","8"
"1733","28831","529","0","2"
"1734","28746","529","0","6"
"1735","41718","480","0","2"
"1736","24483","480","0","5"
"1737","24482","480","0","3"
"1738","41777","482","0","2"
"1739","24489","482","0","3"
"1740","24491","482","0","5"
"1741","41855","488","0","2"
"1742","41854","488","0","3"
"1743","41885","474","0","2"
"1744","24456","474","0","3"
"1745","24431","474","0","5"
"1747","23218","720","0","4"
"1749","23218","721","0","4"
"1751","44302","724","0","4"
"1753","61776","726","0","4"
"1754","33333","687","0","4"
"1756","26135","506","0","3"
"1757","41660","572","0","2"
"1759","44292","586","0","4"
"1760","41789","546","0","2"
"1761","41788","546","0","6"
"1762","23025","546","0","4"
"1763","41807","544","0","2"
"1764","41806","544","0","6"
"1765","23302","544","0","4"
"1766","41697","540","0","2"
"1767","23044","540","0","4"
"1768","41696","540","0","6"
"1769","32196","552","0","3"
"1770","39543","555","0","2"
"1771","41829","555","0","4"
"1772","26117","499","0","5"
"1773","26116","499","0","3"
"1774","55595","764","0","2"
"1775","55596","764","0","4"
"1777","61776","766","0","4"
"1778","71850","766","0","2"
"1779","71858","766","0","4"
"1781","61257","768","0","4"
"1782","71850","768","0","2"
"1783","71858","768","0","4"
"1785","38417","773","0","4"
"1786","71851","773","0","2"
"1787","71853","773","0","4"
"1788","21975","776","0","4"
"1790","71850","776","0","2"
"1791","71858","776","0","4"
"1793","21975","730","0","4"
"1795","23047","734","0","4"
"1797","46851","693","0","4"
"1798","41851","485","0","2"
"1799","41850","485","0","3"
"1800","41764","397","0","2"
"1801","41763","397","0","6"
"1802","23218","397","0","3"
"1803","22738","567","0","4"
"1806","33333","581","0","4"
"1807","61776","582","0","4"
"1809","41743","569","0","3"
"1810","41876","570","0","2"
"1811","41681","121","0","2"
"1812","41645","121","0","3"
"1813","41680","121","0","4"
"1814","41679","121","0","5"
"1816","23047","735","0","4"
"1817","23047","738","0","4"
"1820","61776","700","0","4"
"1822","23047","704","0","4"
"1824","23218","709","0","4"
"1825","41890","614","0","2"
"1826","41889","614","0","4"
"1827","39702","462","0","2"
"1828","41894","462","0","2"
"1829","37439","648","0","4"
"1830","37438","648","0","2"
"1832","22738","701","0","4"
"1833","41908","393","0","2"
"1834","23048","393","0","3"
"1835","41907","393","0","6"
"1836","60149","791","0","2"
"1837","60150","791","0","4"
"1838","33333","739","0","4"
"1840","33333","740","0","4"
"1843","23025","741","0","4"
"1844","37600","666","0","2"
"1845","37603","666","0","4"
"1846","27733","520","0","4"
"1848","41865","469","0","2"
"1849","39418","469","0","3"
"1850","33018","748","0","4"
"1853","23158","749","0","4"
"1855","33333","729","0","4"
"1857","33018","770","0","4"
"1858","71850","770","0","2"
"1859","71858","770","0","4"
"1861","33018","732","0","4"
"1863","44299","733","0","4"
"1864","41868","467","0","2"
"1865","39548","467","0","3"
"1866","41041","468","0","3"
"1867","41640","468","0","2"
"1868","41866","473","0","2"
"1869","39422","473","0","3"
"1870","44292","706","0","4"
"1874","33018","594","0","4"
"1875","41898","396","0","2"
"1876","41897","396","0","6"
"1877","23158","396","0","3"
"1878","26109","496","0","3"
"1879","26110","496","0","5"
"1880","26114","498","0","3"
"1881","26127","503","0","3"
"1882","26128","503","0","5"
"1883","41670","442","0","2"
"1884","41650","442","0","2"
"1885","41675","443","0","3"
"1886","41847","444","0","3"
"1887","21973","202","0","3"
"1888","21092","202","0","5"
"1889","23550","202","0","8"
"1891","23302","589","0","4"
"1892","41649","511","0","6"
"1893","41662","511","0","2"
"1894","27419","511","0","4"
"1895","41661","511","0","8"
"1896","41722","512","0","6"
"1897","41721","512","0","2"
"1898","27787","512","0","4"
"1899","41720","512","0","8"
"1900","41884","514","0","6"
"1901","41883","514","0","2"
"1902","27778","514","0","4"
"1903","41882","514","0","8"
"1904","26169","507","0","3"
"1905","26171","507","0","5"
"1906","39510","489","0","2"
"1907","39509","489","0","3"
"1908","41669","489","0","4"
"1909","41775","490","0","2"
"1910","21894","490","0","3"
"1911","28743","521","0","4"
"1912","28744","521","0","6"
"1913","28716","521","0","2"
"1914","28719","521","0","8"
"1915","41687","542","0","2"
"1916","41652","542","0","6"
"1917","23025","542","0","4"
"1919","22738","750","0","4"
"1921","22804","386","0","3"
"1922","41896","386","0","2"
"1923","41895","386","0","6"
"1924","41760","389","0","6"
"1925","41759","389","0","2"
"1926","23044","389","0","3"
"1927","21874","204","0","3"
"1928","21975","204","0","5"
"1929","23582","204","0","8"
"1930","41741","162","0","5"
"1931","41644","162","0","4"
"1932","41740","162","0","2"
"1933","41739","162","0","3"
"1934","32200","571","0","2"
"1935","32106","559","0","2"
"1936","55000","761","0","3"
"1938","42155","560","0","2"
"1939","41744","560","0","4"
"1940","33018","578","0","4"
"1942","55564","763","0","4"
"1943","55565","763","0","2"
"1945","23047","568","0","4"
"1946","41840","517","0","8"
"1947","27867","517","0","4"
"1948","41839","517","0","2"
"1949","32451","517","0","6"
"1950","41713","718","0","2"
"1951","41712","718","0","6"
"1952","22804","718","0","4"
"1953","41686","163","0","2"
"1954","41641","163","0","3"
"1955","41685","163","0","4"
"1956","41684","163","0","5"
"1957","41683","163","0","6"
"1958","60147","790","0","2"
"1959","60148","790","0","4"
"1960","39516","143","0","2"
"1961","60130","793","0","2"
"1962","60133","793","0","4"
"1963","60143","794","0","2"
"1964","60144","794","0","4"
"1965","60164","796","0","2"
"1966","60165","796","0","4"
"1967","60166","797","0","2"
"1968","60167","797","0","4"
"1969","60162","801","0","2"
"1970","60163","801","0","4"
"1971","61062","803","0","2"
"1972","60146","803","0","4"
"1973","60154","804","0","2"
"1974","60155","804","0","4"
"1975","60156","805","0","2"
"1976","60157","805","0","4"
"1977","39372","553","0","3"
"1978","41748","611","0","2"
"1979","41747","611","0","4"
"1980","41676","421","0","3"
"1981","24090","441","0","3"
"1983","23158","595","0","4"
"1984","41873","81","0","2"
"1985","17498","81","0","5"
"1986","41872","81","0","4"
"1987","41871","81","0","3"
"1988","41870","81","0","3"
"1989","41869","81","0","5"
"1990","26171","665","0","4"
"1991","37594","665","0","2"
"1993","46832","585","0","4"
"1995","22738","588","0","4"
"1997","44299","771","0","4"
"1998","71853","771","0","4"
"1999","71851","771","0","2"
"2001","41828","617","0","3"
"2002","41591","618","0","3"
"2003","37315","641","0","2"
"2004","37333","641","0","4"
"2005","37313","642","0","2"
"2006","37314","642","0","4"
"2007","37324","643","0","2"
"2008","37327","643","0","4"
"2009","41719","41","0","2"
"2011","23025","600","0","4"
"2012","21899","216","0","3"
"2013","23570","216","0","5"
"2014","23551","216","0","8"
"2015","37184","625","0","2"
"2016","37185","625","0","4"
"2017","41881","182","0","2"
"2018","27778","182","0","6"
"2019","41880","182","0","8"
"2020","41879","182","0","4"
"2021","37483","650","0","4"
"2022","37481","650","0","2"
"2023","23562","209","0","3"
"2024","21838","209","0","5"
"2025","23561","209","0","8"
"2026","41562","561","0","4"
"2027","41561","561","0","2"
"2028","41749","575","0","3"
"2029","22648","261","0","2"
"2030","41768","394","0","6"
"2031","23048","394","0","3"
"2032","41767","394","0","2"
"2033","23158","395","0","3"
"2034","41758","395","0","6"
"2035","41757","395","0","2"
"2036","41860","519","0","6"
"2037","41859","519","0","2"
"2038","27774","519","0","4"
"2039","41858","519","0","8"
"2040","22738","545","0","4"
"2041","41791","545","0","6"
"2042","41790","545","0","2"
"2043","41795","547","0","2"
"2044","41794","547","0","6"
"2045","23047","547","0","4"
"2046","37165","620","0","2"
"2047","37166","620","0","4"
"2048","37169","622","0","2"
"2049","37170","622","0","4"
"2050","37180","623","0","2"
"2051","37181","623","0","4"
"2052","37182","624","0","2"
"2053","37183","624","0","4"
"2054","46832","743","0","4"
"2056","41776","479","0","2"
"2057","24480","479","0","5"
"2058","24479","479","0","3"
"2059","37213","632","0","4"
"2060","37212","632","0","2"
"2061","37223","633","0","2"
"2062","37224","633","0","4"
"2063","60152","789","0","2"
"2064","60153","789","0","4"
"2065","60141","798","0","2"
"2066","60142","798","0","4"
"2067","38443","684","0","2"
"2068","38436","684","0","4"
"2069","33333","691","0","4"
"2071","33333","692","0","4"
"2073","41803","362","0","2"
"2074","23158","362","0","4"
"2075","41802","362","0","6"
"2076","41852","486","0","2"
"2077","39545","486","0","3"
"2078","32102","554","0","3"
"2080","22738","590","0","4"
"2082","23218","711","0","4"
"2083","23044","344","0","4"
"2084","41805","344","0","2"
"2085","41804","344","0","6"
"2086","41811","343","0","2"
"2087","23025","343","0","4"
"2088","41810","343","0","6"
"2089","41715","345","0","2"
"2090","41714","345","0","6"
"2091","23047","345","0","4"
"2092","38434","683","0","2"
"2093","38435","683","0","4"
"2094","29068","535","0","3"
"2095","23158","543","0","4"
"2096","41699","543","0","6"
"2097","41698","543","0","2"
"2098","23558","213","0","5"
"2099","21881","213","0","3"
"2100","23581","213","0","8"
"2101","39447","470","0","3"
"2102","41638","470","0","2"
"2103","37514","654","0","2"
"2104","37516","654","0","4"
"2105","28752","530","0","6"
"2106","28751","530","0","8"
"2107","28756","530","0","4"
"2108","28755","530","0","2"
"2109","38413","674","0","2"
"2110","38412","674","0","4"
"2111","41834","612","0","4"
"2112","41833","612","0","2"
"2113","38390","669","0","2"
"2114","38392","669","0","4"
"2115","21879","210","0","3"
"2116","23549","210","0","5"
"2117","22007","210","0","8"
"2118","21853","211","0","5"
"2119","21894","211","0","3"
"2120","22010","211","0","8"
"2121","41782","217","0","5"
"2122","23565","217","0","3"
"2123","23591","217","0","8"
"2124","26176","510","0","3"
"2125","60134","792","0","2"
"2126","60132","792","0","4"
"2127","60170","802","0","2"
"2128","60172","802","0","4"
"2129","37225","634","0","2"
"2130","37227","634","0","4"
"2131","37239","636","0","2"
"2132","37241","636","0","4"
"2133","38398","672","0","2"
"2134","38399","672","0","4"
"2135","41874","461","0","2"
"2137","44299","731","0","4"
"2139","23302","725","0","4"
"2141","46851","690","0","4"
"2142","23218","398","0","3"
"2143","41904","398","0","6"
"2144","41903","398","0","2"
"2145","29094","186","0","2"
"2146","27785","186","0","6"
"2147","41668","186","0","8"
"2148","30772","186","0","4"
"2149","37286","637","0","2"
"2150","37287","637","0","4"
"2151","62181","812","0","2"
"2153","33333","705","0","4"
"2154","44302","710","0","4"
"2157","21975","713","0","4"
"2159","44299","715","0","4"
"2161","23218","775","0","4"
"2162","71850","775","0","2"
"2163","71858","775","0","4"
"2164","51262","755","0","2"
"2165","51263","755","0","4"
"2166","41701","361","0","2"
"2167","23158","361","0","4"
"2168","41700","361","0","6"
"2169","37570","664","0","2"
"2170","37571","664","0","4"
"2171","41734","481","0","2"
"2172","24486","481","0","3"
"2173","24487","481","0","5"
"2174","28823","527","0","6"
"2175","29171","527","0","4"
"2176","28818","527","0","2"
"2177","28821","527","0","8"
"2178","41813","381","0","2"
"2179","23218","381","0","4"
"2180","41812","381","0","6"
"2181","23218","382","0","4"
"2182","41711","382","0","2"
"2183","41710","382","0","6"
"2184","41787","401","0","2"
"2185","41636","401","0","2"
"2186","41786","401","0","6"
"2187","23302","401","0","4"
"2188","41827","122","0","3"
"2189","41642","122","0","2"
"2190","41826","122","0","4"
"2191","41825","122","0","5"
"2193","33333","598","0","4"
"2195","23025","599","0","4"
"2196","41695","522","0","2"
"2197","23048","522","0","4"
"2198","41694","522","0","6"
"2199","28842","523","0","6"
"2200","28844","523","0","2"
"2201","28843","523","0","4"
"2202","28845","523","0","8"
"2203","28812","524","0","4"
"2204","28814","524","0","8"
"2205","28816","524","0","2"
"2206","28811","524","0","6"
"2207","28809","525","0","4"
"2208","28802","525","0","8"
"2209","28807","525","0","2"
"2210","28808","525","0","6"
"2211","28771","526","0","6"
"2212","28763","526","0","2"
"2213","28761","526","0","8"
"2214","28764","526","0","4"
"2215","38407","673","0","4"
"2216","38408","673","0","2"
"2217","38416","676","0","4"
"2218","38447","676","0","2"
"2219","38414","677","0","2"
"2220","38415","677","0","4"
"2221","38421","679","0","2"
"2222","38422","679","0","4"
"2223","38427","680","0","2"
"2224","38424","680","0","4"
"2226","23218","601","0","4"
"2227","9233","141","0","3"
"2228","37528","657","0","2"
"2229","37535","657","0","4"
"2230","37617","660","0","4"
"2231","37609","660","0","2"
"2232","41902","387","0","6"
"2233","41901","387","0","2"
"2234","23025","387","0","3"
"2235","26106","493","0","5"
"2236","41774","493","0","3"
"2237","41773","493","0","3"
"2238","58933","785","0","3"
"2239","55005","762","0","3"
"2240","46851","708","0","4"
"2242","37556","662","0","2"
"2243","37558","662","0","4"
"2244","37484","651","0","2"
"2245","37485","651","0","4"
"2246","58000","767","0","4"
"2248","71851","767","0","2"
"2249","71853","767","0","4"
"2250","37288","638","0","2"
"2251","37292","638","0","4"
"2252","41801","550","0","6"
"2253","41800","550","0","2"
"2254","23158","550","0","4"
"2255","37423","647","0","2"
"2256","37424","647","0","4"
"2257","37443","649","0","4"
"2258","37441","649","0","2"
"2259","37381","652","0","2"
"2260","37505","652","0","4"
"2261","38389","668","0","4"
"2262","38388","668","0","2"
"2263","37513","653","0","4"
"2264","37512","653","0","2"
"2265","37518","655","0","2"
"2266","37519","655","0","4"
"2267","37522","656","0","2"
"2268","37525","656","0","4"
"2270","22804","603","0","4"
"2272","33333","597","0","4"
"2273","41864","1","0","3"
"2274","41863","1","0","2"
"2275","41862","1","0","5"
"2276","41861","1","0","4"
"2277","29091","181","0","2"
"2278","27867","181","0","6"
"2279","41822","181","0","8"
"2280","30777","181","0","4"
"2282","23048","606","0","4"
"2284","23302","607","0","4"
"2285","37381","646","0","2"
"2286","61992","646","0","4"
"2287","41848","483","0","2"
"2288","39884","483","0","3"
"2290","44302","779","0","4"
"2291","71852","779","0","2"
"2292","71860","779","0","4"
"2293","60135","799","0","2"
"2294","60137","799","0","4"
"2296","23047","591","0","4"
"2298","23218","602","0","4"
"2299","26107","494","0","3"
"2300","41793","282","0","2"
"2301","41792","282","0","6"
"2302","22738","282","0","4"
"2303","41779","321","0","2"
"2304","41647","321","0","4"
"2305","41778","321","0","6"
"2307","61776","727","0","4"
"2308","46851","694","0","4"
"2310","23302","402","0","3"
"2311","41754","402","0","2"
"2312","41753","402","0","6"
"2313","41762","388","0","6"
"2314","41761","388","0","2"
"2315","23025","388","0","3"
"2316","41844","516","0","6"
"2317","41843","516","0","2"
"2318","27498","516","0","4"
"2319","41842","516","0","8"
"2320","41989","719","0","2"
"2321","41875","667","0","2"
"2322","24256","463","0","2"
"2324","44302","579","0","4"
"2325","41746","573","0","3"
"2326","41846","574","0","3"
"2328","22804","604","0","4"
"2329","41667","515","0","6"
"2330","41666","515","0","2"
"2331","27785","515","0","4"
"2332","41665","515","0","8"
"2333","21928","215","0","5"
"2334","23578","215","0","8"
"2335","23559","215","0","3"
"2336","23563","218","0","3"
"2337","21890","218","0","5"
"2338","23548","218","0","8"
"2339","37611","661","0","4"
"2340","37610","661","0","2"
"2341","38396","671","0","2"
"2342","38397","671","0","4"
"2343","41434","699","0","2"
"2344","41433","699","0","2"
"2346","100956","580","0","4"
"2347","41677","491","0","2"
"2348","41651","491","0","3"
"2349","41817","348","0","2"
"2350","23048","348","0","4"
"2351","41816","348","0","6"
"2352","41780","144","0","2"
"2353","41690","281","0","2"
"2354","41653","281","0","6"
"2355","22738","281","0","4"
"2356","41693","301","0","2"
"2357","41692","301","0","6"
"2358","22804","301","0","4"
"2359","70652","898","0","4"
"2360","70650","898","0","2"
"2361","70761","901","0","4"
"2362","70758","901","0","2"
"2363","64818","828","0","2"
"2364","64824","828","0","4"
"2365","64878","820","0","2"
"2366","64879","820","0","4"
"2367","41772","221","0","6"
"2368","41738","183","0","2"
"2369","27780","183","0","6"
"2370","41737","183","0","8"
"2371","41736","183","0","4"
"2372","41888","383","0","6"
"2373","22738","383","0","3"
"2374","41887","383","0","2"
"2375","26118","500","0","3"
"2376","26122","501","0","5"
"2377","26119","501","0","3"
"2378","29068","534","0","3"
"2379","41689","537","0","2"
"2380","22738","537","0","4"
"2381","41688","537","0","6"
"2382","41713","538","0","2"
"2383","22804","538","0","4"
"2384","41712","538","0","6"
"2385","41691","541","0","6"
"2386","41654","541","0","2"
"2387","23047","541","0","4"
"2389","14507","760","0","4"
"2390","9417","759","0","2"
"2391","61256","772","0","4"
"2393","71850","772","0","2"
"2394","71858","772","0","4"
"2395","37194","629","0","2"
"2396","37195","629","0","4"
"2397","37376","644","0","4"
"2398","37375","644","0","2"
"2399","37377","645","0","2"
"2400","37380","645","0","4"
"2401","39437","645","0","2"
"2402","38394","670","0","2"
"2403","38393","670","0","4"
"2404","41886","698","0","2"
"2405","23302","698","0","3"
"2406","30778","698","0","6"
"2407","26123","502","0","3"
"2408","26173","509","0","3"
"2409","26174","509","0","5"
"2410","61776","714","0","4"
"2412","41674","123","0","5"
"2413","41673","123","0","4"
"2414","41672","123","0","3"
"2415","41671","123","0","2"
"2416","29096","184","0","2"
"2417","27787","184","0","6"
"2418","41836","184","0","8"
"2419","41835","184","0","4"
"2420","29097","185","0","2"
"2421","27781","185","0","6"
"2422","41893","185","0","8"
"2423","41892","185","0","4"
"2424","41891","185","0","4"
"2425","64890","822","0","2"
"2426","64895","822","0","4"
"2427","64928","824","0","4"
"2428","64925","824","0","2"
"2429","64914","826","0","2"
"2430","64915","826","0","4"
"2431","64756","829","0","2"
"2432","64760","829","0","4"
"2433","64906","832","0","2"
"2434","64908","832","0","4"
"2435","64910","833","0","2"
"2436","64912","833","0","4"
"2438","23047","615","0","4"
"2439","64933","831","0","2"
"2440","64936","831","0","4"
"2441","67190","876","0","2"
"2442","67191","876","0","4"
"2443","9336","737","0","2"
"2444","23218","742","0","4"
"2447","33877","610","0","4"
"2448","29092","189","0","2"
"2449","27419","189","0","6"
"2450","18679","189","0","8"
"2451","30770","189","0","4"
"2452","41657","201","0","3"
"2453","23545","201","0","8"
"2454","41660","201","0","5"
"2455","37607","658","0","2"
"2456","37619","658","0","4"
"2457","37618","659","0","4"
"2458","37608","659","0","2"
"2459","23555","212","0","8"
"2460","21741","212","0","5"
"2461","32449","212","0","3"
"2462","29095","187","0","2"
"2463","27774","187","0","6"
"2464","41857","187","0","8"
"2465","41856","187","0","4"
"2466","29093","188","0","2"
"2467","27498","188","0","6"
"2468","41819","188","0","8"
"2469","41818","188","0","4"
"2470","26131","504","0","3"
"2471","26130","505","0","3"
"2472","41648","505","0","5"
"2474","23047","702","0","4"
"2475","44293","716","0","4"
"2478","63973","813","0","4"
"2480","23048","605","0","4"
"2482","21975","577","0","4"
"2483","41769","564","0","3"
"2484","64916","823","0","2"
"2485","64917","823","0","4"
"2486","63973","816","0","4"
"2488","64854","838","0","2"
"2489","64860","838","0","4"
"2490","70748","883","0","4"
"2491","70752","883","0","2"
"2492","70664","887","0","4"
"2493","70658","887","0","2"
"2494","70808","892","0","4"
"2495","70807","892","0","2"
"2496","70762","900","0","4"
"2497","70765","900","0","2"
"2498","70832","894","0","4"
"2499","70830","894","0","2"
"2500","70756","899","0","4"
"2501","70755","899","0","2"
"2502","67209","857","0","2"
"2503","67211","857","0","4"
"2504","67190","875","0","2"
"2505","67191","875","0","4"
"2506","67193","850","0","2"
"2507","67198","850","0","4"
"2508","67225","861","0","2"
"2509","67226","861","0","4"
"2510","67120","873","0","4"
"2511","67119","873","0","2"
"2512","69599","881","0","2"
"2513","69755","881","0","2"
"2514","69709","882","0","2"
"2515","69739","882","0","2"
"2516","67118","871","0","4"
"2517","67115","871","0","2"
"2518","41853","908","0","2"
"2519","39486","908","0","3"
"2520","64921","825","0","2"
"2521","64922","825","0","4"
"2522","67234","868","0","2"
"2523","67268","868","0","4"
"2524","67230","845","0","2"
"2525","67231","845","0","4"
"2526","67269","869","0","2"
"2527","67273","869","0","4"
"2528","70841","884","0","4"
"2529","70839","884","0","2"
"2530","70798","885","0","4"
"2531","70770","885","0","2"
"2532","70801","886","0","4"
"2533","70800","886","0","2"
"2534","70726","889","0","4"
"2535","70724","889","0","2"
"2536","70817","893","0","4"
"2537","70811","893","0","2"
"2538","64752","827","0","2"
"2539","64754","827","0","4"
"2540","67188","877","0","2"
"2541","67189","877","0","4"
"2542","67150","859","0","2"
"2543","67151","859","0","4"
"2545","63973","817","0","4"
"2546","67164","843","0","2"
"2547","67185","843","0","4"
"2548","67230","846","0","2"
"2549","67231","846","0","4"
"2550","67193","849","0","2"
"2551","67198","849","0","4"
"2552","67127","852","0","2"
"2553","67128","852","0","4"
"2554","67125","853","0","2"
"2555","67126","853","0","4"
"2556","67125","854","0","2"
"2557","67126","854","0","4"
"2558","23047","910","0","4"
"2560","92261","910","0","2"
"2561","92260","910","0","4"
"2563","33018","912","0","4"
"2564","92258","912","0","2"
"2565","92257","912","0","4"
"2566","67186","879","0","2"
"2567","67187","879","0","4"
"2568","67187","880","0","4"
"2569","67186","880","0","2"
"2570","67164","844","0","2"
"2571","67185","844","0","4"
"2572","37564","663","0","2"
"2573","37568","663","0","4"
"2574","67220","865","0","2"
"2575","67221","865","0","4"
"2576","67201","848","0","2"
"2577","67202","848","0","4"
"2578","67121","856","0","2"
"2579","67123","856","0","4"
"2580","67115","872","0","2"
"2581","67118","872","0","4"
"2582","67211","858","0","4"
"2583","67209","858","0","2"
"2584","67151","860","0","4"
"2585","67150","860","0","2"
"2586","67225","862","0","2"
"2587","67226","862","0","4"
"2588","67227","863","0","2"
"2589","67228","863","0","4"
"2590","67220","866","0","2"
"2591","67221","866","0","4"
"2592","67269","870","0","2"
"2593","67273","870","0","4"
"2594","63973","814","0","4"
"2597","63973","819","0","4"
"2598","63973","818","0","4"
"2601","63973","815","0","4"
"2602","64881","821","0","2"
"2603","64882","821","0","4"
"2604","37188","627","0","2"
"2605","37189","627","0","4"
"2606","37190","628","0","2"
"2607","37191","628","0","4"
"2609","38499","695","0","4"
"2610","38499","696","0","4"
"2612","38429","682","0","2"
"2613","38432","682","0","4"
"2615","23302","751","0","4"
"2617","23158","596","0","4"
"2618","46834","689","0","4"
"2620","41707","539","0","2"
"2621","23218","539","0","4"
"2622","41706","539","0","6"
"2623","23044","390","0","3"
"2624","41900","390","0","6"
"2625","41899","390","0","2"
"2626","67119","874","0","2"
"2627","67120","874","0","4"
"2628","94744","944","0","2"
"2629","94745","945","0","2"
"2630","95763","951","0","2"
"2631","70727","891","0","2"
"2632","70730","891","0","4"
"2633","90460","937","0","2"
"2634","90473","937","0","4"
"2635","46834","744","0","4"
"2637","22738","765","0","4"
"2639","71850","765","0","2"
"2640","71858","765","0","4"
"2641","60138","800","0","2"
"2642","60139","800","0","4"
"2643","60168","795","0","2"
"2644","60169","795","0","4"
"2645","70723","888","0","4"
"2646","70718","888","0","2"
"2647","70847","895","0","4"
"2648","70854","895","0","2"
"2649","70803","890","0","4"
"2650","70805","890","0","2"
"2651","70655","897","0","2"
"2652","70656","897","0","4"
"2653","64735","834","0","2"
"2654","64736","834","0","4"
"2655","90454","926","0","2"
"2656","90456","926","0","4"
"2657","90157","928","0","2"
"2658","90158","928","0","4"
"2659","90298","932","0","2"
"2660","90299","932","0","4"
"2661","90301","934","0","2"
"2662","90306","934","0","4"
"2663","89910","935","0","2"
"2664","89911","935","0","4"
"2665","99209","1015","0","2"
"2666","99213","1015","0","4"
"2667","99204","1016","0","2"
"2668","99206","1016","0","4"
"2669","99234","1017","0","2"
"2670","99238","1017","0","4"
"2671","64744","835","0","2"
"2672","64745","835","0","4"
"2673","41895","717","0","6"
"2674","41896","717","0","2"
"2675","22804","717","0","3"
"2677","44299","913","0","4"
"2678","92255","913","0","4"
"2679","92256","913","0","2"
"2680","92711","915","0","4"
"2682","92261","915","0","2"
"2683","92260","915","0","4"
"2685","33333","916","0","4"
"2686","92256","916","0","2"
"2687","92255","916","0","4"
"2689","61776","917","0","4"
"2690","92253","917","0","2"
"2691","92252","917","0","4"
"2692","58000","918","0","4"
"2694","92256","918","0","2"
"2695","92255","918","0","4"
"2697","44302","919","0","4"
"2698","92261","919","0","2"
"2699","92260","919","0","4"
"2700","61256","920","0","4"
"2702","92258","920","0","2"
"2703","92257","920","0","4"
"2705","38417","923","0","4"
"2706","92256","923","0","2"
"2707","92255","923","0","4"
"2709","61257","924","0","4"
"2710","92253","924","0","2"
"2711","92252","924","0","4"
"2713","100956","911","0","4"
"2714","92261","911","0","2"
"2715","92260","911","0","4"
"2716","89923","930","0","2"
"2717","96411","930","0","4"
"2718","90296","943","0","2"
"2719","90297","943","0","4"
"2720","21975","914","0","4"
"2722","92258","914","0","2"
"2723","92257","914","0","4"
"2724","90310","933","0","2"
"2725","90313","933","0","4"
"2726","90457","925","0","2"
"2727","90459","925","0","4"
"2728","67121","855","0","2"
"2729","67123","855","0","4"
"2730","67228","864","0","4"
"2731","67227","864","0","2"
"2732","64867","836","0","2"
"2733","64869","836","0","4"
"2734","64931","837","0","2"
"2735","64932","837","0","4"
"2736","22738","909","0","4"
"2738","92253","909","0","2"
"2739","92252","909","0","4"
"2740","89915","936","0","2"
"2741","89922","936","0","4"
"2742","90494","938","0","2"
"2743","90499","938","0","4"
"2744","90505","940","0","4"
"2745","90503","940","0","2"
"2748","41867","471","0","2"
"2749","39433","471","0","3"
"2750","44299","712","0","4"
"2752","48109","747","0","4"
"2754","90162","927","0","2"
"2755","90165","927","0","4"
"2756","90293","942","0","2"
"2757","90295","942","0","4"
"2758","99220","1008","0","2"
"2759","99229","1008","0","4"
"2760","99134","1009","0","2"
"2761","99135","1009","0","4"
"2762","70844","896","0","4"
"2763","70843","896","0","2"
"2764","66908","842","0","3"
"2765","67201","847","0","2"
"2766","67202","847","0","4"
"2768","46832","921","0","4"
"2769","92261","921","0","2"
"2770","92260","921","0","4"
"2771","90160","929","0","2"
"2772","90163","929","0","4"
"2773","89934","941","0","2"
"2774","89935","941","0","4"
"2775","90290","931","0","2"
"2776","90291","931","0","4"
"2777","90501","939","0","2"
"2778","90502","939","0","4"
"2779","23560","206","0","3"
"2780","23566","206","0","8"
"2781","21926","206","0","5"
"2782","41729","518","0","6"
"2783","41728","518","0","2"
"2784","27780","518","0","4"
"2785","41727","518","0","8"
"2786","39880","464","0","2"
"2787","41705","697","0","2"
"2788","23302","697","0","4"
"2789","41704","697","0","6"
"2790","98970","1000","0","2"
"2791","98996","1000","0","4"
"2792","99154","1010","0","2"
"2793","99157","1010","0","4"
"2794","105888","1072","0","2"
"2795","105787","1072","0","4"
"2796","105827","1066","0","2"
"2797","105832","1066","0","4"
"2798","105797","1073","0","2"
"2799","105907","1073","0","4"
"2800","99019","1003","0","2"
"2801","99049","1003","0","4"
"2802","99067","1011","0","2"
"2803","99070","1011","0","4"
"2804","99093","1012","0","2"
"2805","99116","1012","0","4"
"2806","99074","1013","0","2"
"2807","99091","1013","0","4"
"2808","99190","1014","0","2"
"2809","99195","1014","0","4"
"2810","67189","878","0","4"
"2811","67188","878","0","2"
"2812","67234","867","0","2"
"2813","67268","867","0","4"
"2814","105780","1070","0","2"
"2815","105816","1070","0","4"
"2816","105743","1063","0","2"
"2817","105798","1063","0","4"
"2818","105722","1059","0","2"
"2819","105717","1059","0","4"
"2820","105715","1060","0","2"
"2821","105770","1060","0","4"
"2822","109939","1087","0","2"
"2823","109956","1088","0","2"
"2825","23302","608","0","4"
"2827","100956","769","0","4"
"2828","71852","769","0","2"
"2829","71860","769","0","4"
"2830","57943","783","0","2"
"2831","29068","783","0","3"
"2832","57944","783","0","4"
"2833","41752","513","0","6"
"2834","41646","513","0","6"
"2835","41751","513","0","2"
"2836","27781","513","0","4"
"2837","41750","513","0","8"
"2839","33333","728","0","4"
"2840","26112","497","0","3"
"2841","26113","497","0","5"
"2842","41717","347","0","2"
"2843","41716","347","0","6"
"2844","23048","347","0","4"
"2845","64938","830","0","2"
"2846","64939","830","0","4"
"2847","29068","533","0","3"
"2848","98956","1001","0","2"
"2849","98966","1001","0","4"
"2850","99061","1007","0","2"
"2851","99064","1007","0","4"
"2852","99001","1002","0","2"
"2853","99009","1002","0","4"
"2855","99174","1006","0","2"
"2856","99175","1006","0","4"
"2857","99013","1004","0","2"
"2858","99015","1004","0","4"
"2860","99239","1018","0","2"
"2861","99242","1018","0","4"
"2862","37186","626","0","2"
"2863","37187","626","0","4"
"2864","99057","1005","0","2"
"2865","99059","1005","0","4"
"2866","67127","851","0","2"
"2867","67128","851","0","4"
"2868","39982","616","0","3"
"2869","23564","208","0","3"
"2870","41784","208","0","5"
"2871","21747","208","0","8"
"2872","105609","1057","0","2"
"2873","105646","1057","0","4"
"2874","105788","1062","0","2"
"2875","105790","1062","0","4"
"2876","105800","1065","0","2"
"2877","105744","1065","0","4"
"2878","105843","1067","0","2"
"2879","105844","1067","0","4"
"2880","105764","1069","0","2"
"2881","105876","1069","0","4"
"2882","95671","949","0","2"
"2883","95672","950","0","2"
"2885","44293","722","0","4"
"2887","22738","736","0","4"
"2889","23218","922","0","4"
"2890","92258","922","0","2"
"2891","92257","922","0","4"
"2892","23302","752","0","4"
"2894","37167","621","0","2"
"2895","37168","621","0","4"
"2896","24746","492","0","3"
"2897","38411","675","0","4"
"2898","38410","675","0","2"
"2899","21894","214","0","3"
"2900","21872","214","0","5"
"2901","21871","214","0","8"
"2902","58000","1110","0","2"
"2905","131665","1110","0","4"
"2907","131633","1111","0","2"
"2908","31829","1111","0","4"
"2910","21975","1113","0","4"
"2915","44299","1114","0","2"
"2919","33018","1115","0","2"
"2921","131554","1115","0","4"
"2923","100956","1116","0","2"
"2925","131549","1116","0","4"
"2927","143395","1117","0","4"
"2941","131562","1120","0","2"
"2943","123087","1128","0","4"
"2944","123146","1145","0","2"
"2945","123147","1145","0","4"
"2946","123114","1138","0","2"
"2947","123115","1138","0","4"
"2948","123097","1130","0","2"
"2949","123101","1130","0","4"
"2950","123136","1143","0","2"
"2951","123141","1143","0","4"
"2952","123111","1137","0","2"
"2953","123113","1137","0","4"
"2954","123116","1139","0","2"
"2955","123122","1139","0","4"
"2956","138145","1170","0","2"
"2957","138144","1170","0","4"
"2958","138120","1172","0","2"
"2959","138126","1172","0","4"
"2960","138280","1173","0","2"
"2961","138281","1173","0","4"
"2962","138365","1157","0","2"
"2963","138367","1157","0","4"
"2964","138156","1166","0","2"
"2965","138158","1166","0","4"
"2966","138348","1155","0","2"
"2967","138350","1155","0","4"
"2968","138238","1164","0","2"
"2969","138244","1164","0","4"
"2970","130704","1147","0","3"
"2971","123077","1123","0","2"
"2972","123078","1123","0","4"
"2973","123088","1125","0","2"
"2974","123089","1125","0","4"
"2975","123090","1129","0","2"
"2976","123091","1129","0","4"
"2977","123149","1132","0","2"
"2978","123150","1132","0","4"
"2979","123108","1135","0","2"
"2980","70762","1135","0","4"
"2981","123123","1141","0","2"
"2982","123124","1141","0","4"
"2983","123132","1142","0","2"
"2984","123133","1142","0","4"
"2985","123142","1144","0","2"
"2986","123144","1144","0","4"
"2987","138284","1154","0","2"
"2988","138286","1154","0","4"
"2989","138216","1156","0","2"
"2990","138222","1156","0","4"
"2991","138290","1160","0","2"
"2992","138289","1160","0","4"
"2993","138291","1163","0","2"
"2994","138292","1163","0","4"
"2995","138293","1165","0","2"
"2996","138301","1165","0","4"
"2997","138148","1167","0","2"
"2998","138150","1167","0","4"
"2999","105866","1071","0","2"
"3000","105872","1071","0","4"
"3001","105908","1074","0","2"
"3002","105911","1074","0","4"
"3003","105725","1058","0","2"
"3005","105732","1061","0","2"
"3006","105921","1061","0","4"
"3007","109960","1089","0","2"
"3008","105849","1068","0","2"
"3009","105865","1068","0","4"
"3014","92711","1146","0","2"
"3017","131556","1146","0","4"
"3018","123082","1126","0","2"
"3019","123083","1126","0","4"
"3020","123157","1133","0","2"
"3021","123159","1133","0","4"
"3022","123134","1140","0","2"
"3023","123135","1140","0","4"
"3024","105552","1056","0","2"
"3025","105587","1056","0","4"
"3026","105765","1064","0","2"
"3027","105820","1064","0","4"
"3028","128410","1121","0","4"
"3029","128411","1121","0","2"
"3030","123084","1127","0","2"
"3031","123085","1127","0","4"
"3032","123104","1136","0","2"
"3033","123107","1136","0","4"
"3034","123152","1131","0","2"
"3035","123153","1131","0","4"
"3036","123079","1124","0","2"
"3037","123080","1124","0","4"
"3038","123102","1134","0","2"
"3039","123103","1134","0","4"
"3041","61257","1104","0","2"
"3043","131542","1104","0","4"
"3045","38417","1105","0","2"
"3047","131739","1105","0","4"
"3049","23218","1106","0","2"
"3051","131537","1106","0","4"
"3053","46832","1107","0","2"
"3056","61256","1108","0","4"
"3064","138177","1159","0","2"
"3065","138315","1159","0","4"
"3066","138159","1162","0","2"
"3067","138164","1162","0","4"
"3068","138129","1171","0","2"
"3069","138134","1171","0","4"
"3070","144962","1183","0","2"
"3071","144966","1183","0","4"
"3072","145378","1184","0","2"
"3073","145380","1184","0","4"
"3074","145185","1185","0","2"
"3075","145210","1185","0","4"
"3076","145174","1186","0","2"
"3077","145179","1186","0","4"
"3078","144566","1188","0","4"
"3079","144580","1188","0","2"
"3080","144767","1197","0","2"
"3081","144756","1197","0","4"
"3082","144869","1198","0","2"
"3083","144875","1198","0","4"
"3084","144864","1199","0","2"
"3085","144841","1199","0","4"
"3086","144899","1200","0","2"
"3087","144907","1200","0","4"
"3088","144934","1201","0","2"
"3089","144950","1201","0","4"
"3090","144502","1179","0","4"
"3091","144503","1179","0","2"
"3092","138136","1169","0","2"
"3093","138141","1169","0","4"
"3094","138195","1151","0","2"
"3095","138197","1151","0","4"
"3096","138343","1152","0","2"
"3097","138347","1152","0","4"
"3098","145306","1187","0","2"
"3099","145334","1187","0","4"
"3100","145439","1192","0","2"
"3101","145449","1192","0","4"
"3103","144613","1189","0","4"
"3104","144625","1189","0","2"
"3105","144586","1190","0","2"
"3106","144593","1190","0","4"
"3107","145049","1191","0","2"
"3108","145055","1191","0","4"
"3109","145004","1193","0","2"
"3110","145022","1193","0","4"
"3111","145251","1194","0","2"
"3112","145257","1194","0","4"
"3113","144637","1195","0","2"
"3114","144641","1195","0","4"
"3115","144879","1196","0","2"
"3116","144887","1196","0","4"
"3117","138303","1168","0","2"
"3118","138305","1168","0","4"
"3119","138316","1158","0","2"
"3120","138376","1158","0","4"
"3121","138231","1161","0","2"
"3122","138236","1161","0","4"
"3123","138352","1153","0","2"
"3124","138357","1153","0","4"
"3126","144441","1180","0","4"
"3127","145072","1181","0","2"
"3128","145091","1181","0","4"
"3129","144998","1182","0","2"
"3130","145003","1182","0","4"
"3208","145251","1219","258","2"
"3209","145174","1219","257","2"
"3210","145306","1219","256","2"
"3234","165636","1230","71","2"
"3235","165639","1230","72","2"
"3236","165641","1230","73","2"
"3239","165670","1230","73","4"
"3240","165844","1231","0","2"
"3241","165691","1224","268","2"
"3244","165697","1224","270","4"
"3245","165698","1221","103","4"
"3246","165701","1221","102","2"
"3250","165886","1225","70","2"
"3251","165895","1225","70","4"
"3252","165905","1225","66","2"
"3253","165431","1233","103","2"
"3254","165432","1233","103","4"
"3255","165433","1233","102","2"
"3256","166677","1233","102","4"
"3257","165410","1233","104","2"
"3258","165423","1233","104","4"
"3259","165437","1233","105","2"
"3260","167714","1233","105","4"
"3261","167192","1234","250","2"
"3262","165571","1234","250","4"
"3263","165547","1234","251","2"
"3264","165568","1234","251","4"
"3265","165575","1234","252","2"
"3266","165574","1234","252","4"
"3267","165475","1235","62","2"
"3268","165476","1235","62","4"
"3269","165458","1235","63","2"
"3270","165459","1235","63","4"
"3271","165470","1235","64","4"
"3272","165469","1235","64","2"
"3273","165517","1236","253","2"
"3274","165518","1236","253","4"
"3275","165519","1236","254","2"
"3276","165525","1236","254","4"
"3277","165544","1236","255","2"
"3278","165545","1236","255","4"
"3279","165353","1237","268","2"
"3280","165352","1237","268","4"
"3281","165404","1237","270","2"
"3282","167718","1237","270","4"
"3283","165403","1237","269","2"
"3284","165402","1237","269","4"
"3285","165438","1238","65","2"
"3286","167697","1238","65","4"
"3287","165446","1238","66","2"
"3288","167740","1238","66","4"
"3289","165440","1238","70","2"
"3290","165439","1238","70","4"
"3291","165614","1239","256","2"
"3292","167694","1239","256","4"
"3293","165621","1239","257","2"
"3294","167684","1239","257","4"
"3295","165628","1239","258","2"
"3296","165629","1239","258","4"
"3297","165516","1240","259","2"
"3298","166886","1240","259","4"
"3299","165480","1240","260","2"
"3300","165478","1240","260","4"
"3301","165482","1240","261","2"
"3302","165514","1240","261","4"
"3303","165577","1241","262","2"
"3304","165580","1241","262","4"
"3305","165605","1241","263","2"
"3306","165610","1241","263","4"
"3307","165576","1241","264","2"
"3308","167702","1241","264","4"
"3309","165336","1242","71","4"
"3310","165345","1242","71","2"
"3311","165337","1242","72","2"
"3312","165349","1242","72","4"
"3313","165338","1242","73","2"
"3314","165351","1242","73","4"
"3315","165448","1243","265","2"
"3316","165449","1243","265","4"
"3317","165451","1243","266","4"
"3318","165450","1243","266","2"
"3319","165455","1243","267","2"
"3320","165452","1243","267","4"
"3321","166020","1220","252","2"
"3322","171456","1220","250","4"
"3323","166056","1220","251","4"
"3324","166061","1220","252","4"
"3325","170848","1221","103","2"
"3326","171408","1221","104","2"
"3327","171489","1221","104","4"
"3328","170853","1221","105","2"
"3329","166005","1222","255","2"
"3330","171478","1222","253","4"
"3331","170884","1222","254","4"
"3332","166012","1222","255","4"
"3333","171349","1223","62","2"
"3334","171351","1223","62","4"
"3335","165977","1223","63","2"
"3336","171169","1223","63","4"
"3339","171445","1224","268","4"
"3340","170799","1224","270","2"
"3341","166005","1222","253","2"
"3342","166005","1222","254","2"
"3343","166020","1220","250","2"
"3344","166020","1220","251","2"
"3345","170860","1225","65","2"
"3346","171427","1225","66","4"
"3347","171124","1226","256","2"
"3348","171141","1226","256","4"
"3349","171158","1226","257","2"
"3350","171142","1226","257","4"
"3351","171146","1226","258","2"
"3352","171151","1226","258","4"
"3353","165995","1227","259","2"
"3354","170883","1227","259","4"
"3356","170877","1227","261","4"
"3357","165995","1227","261","2"
"3358","165995","1227","260","2"
"3359","166096","1228","262","4"
"3360","171109","1228","262","2"
"3361","166103","1228","263","2"
"3362","171381","1228","264","2"
"3363","166063","1228","264","4"
"3364","171121","1228","263","4"
"3365","171377","1229","265","2"
"3366","171379","1229","265","4"
"3367","171393","1229","266","2"
"3368","165967","1229","266","4"
"3369","171383","1229","267","2"
"3371","165670","1230","72","4"
"3372","165670","1230","71","4"
"3379","174007","1244","0","2"
"3380","60142","1058","0","4"
"3381","144879","1128","0","2"
"3382","60174","1180","0","2"
"3383","165844","1203","0","2"
"3384","70847","1120","0","4"
"3385","70847","1118","0","2"
"3387","70847","1117","0","2"
"3388","70847","1113","0","2"
"3389","70847","1109","0","4"
"3391","70847","1108","0","2"
"3392","70847","1107","0","4"
"3393","46832","1119","0","4"
"3395","46832","1114","0","4"
"3397","46832","1112","0","2"
"3398","46832","1118","0","4"
"3399","26171","1112","0","4"
"3400","46832","1109","0","2"
"3401","29171","1119","0","2"
"3402","179111","1248","257","4"
"3403","179110","1248","257","2"
"3404","179108","1248","258","2"
"3405","179107","1248","258","4"
"3406","179128","1247","104","4"
"3407","179127","1247","104","2"
"3408","179122","1247","105","4"
"3409","179121","1247","105","2"
"3410","179118","1247","102","4"
"3411","179117","1247","102","2"
"3412","179115","1247","103","4"
"3413","179114","1247","103","2"
"3414","179138","1246","264","4"
"3415","179137","1246","264","2"
"3416","179134","1246","262","4"
"3417","179133","1246","262","2"
"3418","179131","1246","263","4"
"3419","179130","1246","263","2"
"3420","179130","1246","255","2"
"3421","179131","1246","255","4"
"3422","179130","1246","253","2"
"3423","179131","1246","253","4"
"3424","179130","1246","254","2"
"3425","179131","1246","254","4"
"3426","179146","1245","65","4"
"3427","179145","1245","65","2"
"3428","179143","1245","66","4"
"3429","179142","1245","66","2"
"3430","179140","1245","70","4"
"3431","179139","1245","70","2"
"3432","179140","1245","71","4"
"3433","179139","1245","71","2"
"3434","179140","1245","72","4"
"3435","179139","1245","72","2"
"3436","179143","1245","73","4"
"3437","179142","1245","73","2"
"3438","179143","1245","250","4"
"3439","179142","1245","250","2"
"3440","179140","1245","251","4"
"3441","179139","1245","251","2"
"3442","179140","1245","252","4"
"3443","179139","1245","252","2"
"3444","179114","1247","269","2"
"3445","179115","1247","269","4"
"3446","179121","1247","270","2"
"3447","179122","1247","270","4"
"3448","179127","1247","268","2"
"3449","179128","1247","268","4"
"3450","179114","1247","259","2"
"3451","179115","1247","259","4"
"3452","179114","1247","261","2"
"3453","179115","1247","261","4"
"3454","179114","1247","260","2"
"3455","179115","1247","260","4"
"3456","179111","1248","256","4"
"3457","179110","1248","256","2"
"3458","179108","1248","62","2"
"3459","179107","1248","62","4"
"3460","179108","1248","63","2"
"3461","179107","1248","63","4"
"3462","179108","1248","64","2"
"3463","179107","1248","64","4"
"3464","179108","1248","265","2"
"3465","179107","1248","265","4"
"3466","179108","1248","266","2"
"3467","179107","1248","266","4"
"3468","179108","1248","267","2"
"3469","179107","1248","267","4"
"3470","180717","1221","102","4"
"3471","180721","1223","64","2"
"3472","180741","1223","64","4"
"3473","180743","1224","269","2"
"3475","181742","1224","269","4"
"3476","14410","520","0","8"
"3478","165707","1221","105","4"
"3479","182303","1227","260","4"
"3480","185805","1250","103","2"
"3481","185811","1250","103","4"
"3482","185813","1250","104","2"
"3483","185814","1250","104","4"
"3484","185294","1250","105","2"
"3485","185397","1250","105","4"
"3486","186165","1251","62","4"
"3487","186166","1251","62","2"
"3488","186167","1251","63","2"
"3489","186168","1251","63","4"
"3490","185969","1251","64","2"
"3491","185971","1251","64","4"
"3492","185398","1252","268","2"
"3493","185399","1252","268","4"
"3494","185126","1252","270","2"
"3495","185258","1252","270","4"
"3496","185542","1252","269","2"
"3497","185543","1252","269","4"
"3504","185545","1254","65","2"
"3505","185571","1254","65","4"
"3506","185675","1254","66","2"
"3507","185677","1254","66","4"
"3509","185648","1254","70","4"
"3510","186477","1255","256","2"
"3511","186492","1255","256","4"
"3512","186298","1255","257","2"
"3513","186378","1255","257","4"
"3514","186980","1255","258","2"
"3515","186981","1255","258","4"
"3516","186182","1256","259","2"
"3517","186277","1256","259","4"
"3518","186285","1256","260","2"
"3519","186288","1256","260","4"
"3520","186278","1256","261","2"
"3521","186279","1256","261","4"
"3522","185880","1257","262","2"
"3523","185881","1257","262","4"
"3524","185871","1257","263","2"
"3525","185872","1257","263","4"
"3526","185873","1257","264","2"
"3527","185874","1257","264","4"
"3528","185800","1258","71","2"
"3529","185804","1258","71","4"
"3530","185798","1258","72","2"
"3531","185799","1258","72","4"
"3532","185796","1258","73","2"
"3533","185797","1258","73","4"
"3534","185882","1259","265","2"
"3535","185883","1259","265","4"
"3536","185884","1259","266","2"
"3537","185964","1259","266","4"
"3538","185965","1259","267","2"
"3539","185967","1259","267","4"
"3608","187140","1263","65","2"
"3609","187155","1263","65","4"
"3610","187141","1263","72","2"
"3611","187151","1263","72","4"
"3612","187142","1263","73","2"
"3613","187143","1263","73","4"
"3614","187141","1263","71","2"
"3615","187151","1263","71","4"
"3616","187151","1263","70","4"
"3620","187137","1262","263","2"
"3621","187688","1262","263","4"
"3622","187138","1262","262","2"
"3623","187778","1262","262","4"
"3624","187139","1262","264","2"
"3625","187158","1262","264","4"
"3626","187137","1262","255","2"
"3627","187688","1262","255","4"
"3628","187137","1262","254","2"
"3629","187688","1262","254","4"
"3630","187137","1262","253","2"
"3631","187688","1262","253","4"
"3632","187133","1261","102","2"
"3633","187435","1261","102","4"
"3634","187134","1261","105","2"
"3635","187604","1261","105","4"
"3636","187135","1261","103","2"
"3637","187863","1261","103","4"
"3638","187136","1261","104","2"
"3639","187862","1261","104","4"
"3640","187134","1261","270","2"
"3641","187604","1261","270","4"
"3642","187135","1261","269","2"
"3643","187863","1261","269","4"
"3644","187136","1261","268","2"
"3645","187862","1261","268","4"
"3646","187135","1261","259","2"
"3647","187863","1261","259","4"
"3648","187135","1261","260","2"
"3649","187863","1261","260","4"
"3650","187135","1261","261","2"
"3651","187863","1261","261","4"
"3652","187075","1260","258","2"
"3653","187079","1260","258","4"
"3654","187132","1260","257","2"
"3655","187430","1260","257","4"
"3656","187132","1260","256","2"
"3657","187430","1260","256","4"
"3658","187075","1260","265","2"
"3659","187079","1260","265","4"
"3660","187075","1260","266","2"
"3661","187079","1260","266","4"
"3662","187075","1260","267","2"
"3663","187079","1260","267","4"
"3664","187075","1260","62","2"
"3665","187079","1260","62","4"
"3666","187075","1260","63","2"
"3667","187079","1260","63","4"
"3668","187075","1260","64","2"
"3669","187079","1260","64","4"
"3670","187872","1249","250","2"
"3671","187873","1249","250","4"
"3672","187868","1249","251","2"
"3673","187870","1249","251","4"
"3674","187865","1249","252","2"
"3675","187866","1249","252","4"
"3676","187875","1250","102","2"
"3677","187877","1250","102","4"
"3678","188200","1253","253","2"
"3679","188201","1253","253","4"
"3680","188190","1253","254","2"
"3681","188191","1253","254","4"
"3682","188198","1253","255","2"
"3683","188199","1253","255","4"
"3684","189209","1229","267","4"
"3686","183927","1265","0","1"
"3687","187141","1263","70","2"
"3688","187142","1263","66","2"
"3689","187143","1263","66","4"
"3690","187141","1263","252","2"
"3691","187151","1263","252","4"
"3692","187142","1263","250","2"
"3693","187143","1263","250","4"
"3694","187141","1263","251","2"
"3695","187151","1263","251","4"
"3696","197557","1266","0","2"
"3697","197557","1267","0","2"
"3698","41741","1268","0","5"
"3699","41644","1268","0","4"
"3700","41740","1268","0","2"
"3701","41739","1268","0","3"
"3702","221533","1269","0","6"
"3703","221535","1270","0","6"
"3704","221535","1271","103","6"
"3705","221535","1271","104","6"
"3706","221534","1271","105","6"
"3707","221534","1271","102","6"
"3708","221535","1272","0","6"
"3709","221534","1273","0","6"
"3710","221535","1274","268","6"
"3711","221534","1274","270","6"
"3712","221535","1274","269","6"
"3713","221534","1275","65","6"
"3714","221533","1275","70","6"
"3715","221533","1275","66","6"
"3716","221534","1276","0","6"
"3717","221535","1277","0","6"
"3721","221534","1279","0","6"
"3722","221533","1280","0","6"
"3723","221615","1269","0","2"
"3724","221617","1269","0","4"
"3725","221620","1269","0","8"
"3726","221615","1270","0","2"
"3727","221617","1270","0","4"
"3728","221632","1270","0","8"
"3729","221615","1271","0","2"
"3730","221617","1271","0","4"
"3731","221636","1271","104","8"
"3732","221636","1271","105","8"
"3733","221636","1271","102","8"
"3734","221638","1271","103","8"
"3735","221615","1272","0","2"
"3736","221617","1272","0","4"
"3737","221642","1272","0","8"
"3738","221615","1273","0","2"
"3739","221617","1273","0","4"
"3740","221646","1273","0","8"
"3741","221615","1274","0","2"
"3742","221617","1274","0","4"
"3743","221651","1274","0","8"
"3744","221615","1275","0","2"
"3745","221617","1275","0","4"
"3746","221653","1275","0","8"
"3747","221615","1276","0","2"
"3748","221617","1276","0","4"
"3749","221655","1276","0","8"
"3750","221615","1277","0","2"
"3751","221617","1277","0","4"
"3752","221662","1277","0","8"
"3756","221615","1279","0","2"
"3757","221617","1279","0","4"
"3758","221667","1279","0","8"
"3759","221615","1280","0","2"
"3760","221617","1280","0","4"
"3761","221669","1280","0","8"
"3762","211039","1281","250","2"
"3763","211041","1281","250","4"
"3764","211042","1281","251","2"
"3765","211045","1281","251","4"
"3766","211047","1281","252","2"
"3767","211050","1281","252","4"
"3768","211054","1282","577","2"
"3769","211074","1282","577","4"
"3770","211075","1282","581","2"
"3771","211077","1282","581","4"
"3772","211092","1283","102","2"
"3773","211104","1283","102","4"
"3774","211140","1283","103","2"
"3775","211142","1283","103","4"
"3776","211149","1283","104","2"
"3777","211150","1283","104","4"
"3778","211165","1283","105","2"
"3779","211170","1283","105","4"
"3780","211172","1284","253","2"
"3781","211181","1284","253","4"
"3782","211322","1284","254","4"
"3783","211331","1284","254","2"
"3784","211340","1284","255","2"
"3785","211357","1284","255","4"
"3786","211379","1285","62","2"
"3787","211386","1285","62","4"
"3788","211394","1285","63","2"
"3789","211395","1285","63","4"
"3790","211404","1285","64","4"
"3791","211411","1285","64","2"
"3792","211415","1286","268","2"
"3793","211417","1286","268","4"
"3794","211418","1286","270","2"
"3795","211423","1286","270","4"
"3796","211427","1286","269","2"
"3797","211430","1286","269","4"
"3798","211436","1287","65","2"
"3799","211438","1287","65","4"
"3800","211444","1287","70","2"
"3801","211448","1287","70","4"
"3802","211553","1287","66","2"
"3803","211554","1287","66","4"
"3804","211556","1288","256","2"
"3805","211563","1288","256","4"
"3806","211638","1288","257","2"
"3807","211640","1288","257","4"
"3808","211646","1288","258","2"
"3809","211654","1288","258","4"
"3810","211661","1289","261","2"
"3811","211663","1289","261","4"
"3812","211667","1289","260","2"
"3813","211668","1289","260","4"
"3814","211671","1289","259","2"
"3815","211673","1289","259","4"
"3816","211951","1290","262","2"
"3817","211963","1290","262","4"
"3818","211987","1290","263","2"
"3819","211988","1290","263","4"
"3820","211992","1290","264","2"
"3821","211993","1290","264","4"
"3822","212002","1291","265","2"
"3823","212003","1291","265","4"
"3824","212005","1291","266","2"
"3825","212007","1291","266","4"
"3826","212017","1291","267","4"
"3828","212149","1292","71","2"
"3829","212156","1292","71","4"
"3830","212157","1292","72","2"
"3831","212158","1292","72","4"
"3832","212237","1292","73","2"
"3833","212244","1292","73","4"
"3834","221615","1278","0","2"
"3835","221617","1278","0","4"
"3836","221534","1278","262","6"
"3837","221534","1278","264","6"
"3838","221535","1278","263","6"
"3839","221664","1278","0","8"
"3840","228445","1293","0","2"
"3841","228447","1294","0","2"
"3842","224146","1295","0","2"
"3843","224148","1296","0","2"
"3844","224150","1297","0","2"
"3845","228448","1298","0","2"
"3846","185571","1225","65","4"
"3847","212018","1291","267","2"
"3848","67188","1254","70","2"
"3849","234119","1299","0","2"
