Id,Unknown0_0,Unknown0_1,Unknown0_2,Unknown0_3,Unknown0_4,Unknown0_5,Unknown0_6,Unknown1
"1","0.2230667","0.3345333","0.4048","0.6758667","1.206","1.206","1.206","1"
"2","0.3231492","0.4857143","0.5700318","0.8862857","1.441664","1.441664","1.441664","2"
"3","0.4232318","0.6368952","0.7352635","1.096705","1.677327","1.677327","1.677327","3"
"4","0.5233143","0.7880762","0.9004952","1.307124","1.91299","1.91299","1.91299","4"
"5","0.6233968","0.9392571","1.065727","1.517543","2.148654","2.148654","2.148654","5"
"6","0.7234794","1.090438","1.230959","1.727962","2.384317","2.384317","2.384317","6"
"7","0.8235619","1.241619","1.396191","1.938381","2.619981","2.619981","2.619981","7"
"8","0.9236444","1.3928","1.561422","2.1488","2.855644","2.855644","2.855644","8"
"9","1.023727","1.543981","1.726654","2.359219","3.091308","3.091308","3.091308","9"
"10","1.12381","1.695162","1.891886","2.569638","3.326972","3.326972","3.326972","10"
"11","1.223892","1.846343","2.057117","2.780057","3.562635","3.562635","3.562635","11"
"12","1.323975","1.997524","2.222349","2.990476","3.798298","3.798298","3.798298","12"
"13","1.424057","2.148705","2.387581","3.200895","4.033962","4.033962","4.033962","13"
"14","1.52414","2.299886","2.552813","3.411314","4.269625","4.269625","4.269625","14"
"15","1.624222","2.451067","2.718045","3.621733","4.505289","4.505289","4.505289","15"
"16","1.724305","2.602248","2.883276","3.832152","4.740952","4.740952","4.740952","16"
"17","1.824387","2.753428","3.048508","4.042572","4.976616","4.976616","4.976616","17"
"18","1.92447","2.904609","3.21374","4.25299","5.212279","5.212279","5.212279","18"
"19","2.024552","3.05579","3.378971","4.463409","5.447943","5.447943","5.447943","19"
"20","2.124635","3.206971","3.544203","4.673829","5.683606","5.683606","5.683606","20"
"21","2.224717","3.358152","3.709435","4.884248","5.91927","5.91927","5.91927","21"
"22","2.3248","3.509333","3.874667","5.094666","6.154933","6.154933","6.154933","22"
"23","2.443467","3.686933","4.072533","5.282133","6.364","6.364","6.364","23"
"24","2.566667","3.874667","4.277867","5.462133","6.594666","6.594666","6.594666","24"
"25","2.690933","4.072533","4.485067","5.6352","6.853867","6.853867","6.853867","25"
"26","2.816","4.277867","4.693067","5.801867","7.140533","7.140533","7.140533","26"
"27","2.938933","4.485067","4.8984","5.969333","7.433067","7.433067","7.433067","27"
"28","3.0568","4.693067","5.094666","6.154933","7.7352","7.7352","7.7352","28"
"29","3.169333","4.8984","5.282133","6.364","8.0464","8.0464","8.0464","29"
"30","3.277333","5.094666","5.462133","6.594666","8.363466","8.363466","8.363466","30"
"31","3.381067","5.282133","5.6352","6.853867","8.685333","8.685333","8.685333","31"
"32","3.481067","5.462133","5.801867","7.140533","8.989333","8.989333","8.989333","32"
"33","3.5816","5.6352","5.969333","7.433067","9.267734","9.267734","9.267734","33"
"34","3.6928","5.801867","6.154933","7.7352","9.522133","9.522133","9.522133","34"
"35","3.8184","5.969333","6.364","8.0464","9.751467","9.751467","9.751467","35"
"36","3.9568","6.154933","6.594666","8.363466","9.956266","9.956266","9.956266","36"
"37","4.112267","6.364","6.853867","8.685333","10.16053","10.16053","10.16053","37"
"38","4.284266","6.594666","7.140533","8.989333","10.3664","10.3664","10.3664","38"
"39","4.46","6.853867","7.433067","9.267734","10.5752","10.5752","10.5752","39"
"40","4.641067","7.140533","7.7352","9.522133","10.7816","10.7816","10.7816","40"
"41","4.827734","7.433067","8.0464","9.751467","10.98587","10.98587","10.98587","41"
"42","5.018133","7.7352","8.363466","9.956266","11.192","11.192","11.192","42"
"43","5.2112","8.0464","8.685333","10.16053","11.39787","11.39787","11.39787","43"
"44","5.3936","8.363466","8.989333","10.3664","11.6024","11.6024","11.6024","44"
"45","5.560534","8.685333","9.267734","10.5752","11.80987","11.80987","11.80987","45"
"46","5.713333","8.989333","9.522133","10.7816","12.02","12.02","12.02","46"
"47","5.850934","9.267734","9.751467","10.98587","12.22987","12.22987","12.22987","47"
"48","5.973866","9.522133","9.956266","11.192","12.44133","12.44133","12.44133","48"
"49","6.096267","9.751467","10.16053","11.39787","12.65307","12.65307","12.65307","49"
"50","6.219733","9.956266","10.3664","11.6024","12.86267","12.86267","12.86267","50"
"51","6.345067","10.16053","10.5752","11.80987","13.07253","13.07253","13.07253","51"
"52","6.469067","10.3664","10.7816","12.02","13.2832","13.2832","13.2832","52"
"53","6.591467","10.5752","10.98587","12.22987","13.49627","13.49627","13.49627","53"
"54","6.7152","10.7816","11.192","12.44133","13.71227","13.71227","13.71227","54"
"55","6.838666","10.98587","11.39787","12.65307","13.93387","13.93387","13.93387","55"
"56","6.9616","11.192","11.6024","12.86267","14.1576","14.1576","14.1576","56"
"57","7.085866","11.39787","11.80987","13.07253","14.38533","14.38533","14.38533","57"
"58","7.226133","11.62213","12.04373","13.97067","15.8976","15.8976","15.8976","58"
"59","7.369333","11.85227","12.28213","14.17173","16.06133","16.06133","16.06133","59"
"60","7.509867","12.07813","12.51627","14.44187","16.36747","16.36747","16.36747","60"
"61","7.6528","12.30827","12.75467","14.64427","16.53387","16.53387","16.53387","61"
"62","7.793334","12.53413","12.9888","14.91307","16.83733","16.83733","16.83733","62"
"63","7.936267","12.764","13.22693","15.11653","17.00613","17.00613","17.00613","63"
"64","8.076533","12.98987","13.46107","15.384","17.3072","17.3072","17.3072","64"
"65","8.219733","13.22","13.69947","15.58907","17.47867","17.47867","17.47867","65"
"66","8.2304","13.23733","13.71733","15.13627","17.50133","17.50133","17.50133","66"
"67","8.241067","13.2544","13.7352","15.156","17.52427","17.52427","17.52427","67"
"68","8.251734","13.27173","13.75307","15.17573","17.54693","17.54693","17.54693","68"
"69","8.262667","13.28933","13.7712","15.19573","17.57013","17.57013","17.57013","69"
"70","8.273334","13.3064","13.78907","15.21547","17.59307","17.59307","17.59307","70"
"71","8.284266","13.32373","13.80693","15.2352","17.61573","17.61573","17.61573","71"
"72","8.294933","13.34107","13.82507","15.2552","17.63893","17.63893","17.63893","72"
"73","8.305866","13.35867","13.8432","15.2752","17.66213","17.66213","17.66213","73"
"74","8.316533","13.376","13.86107","15.29493","17.6848","17.6848","17.6848","74"
"75","8.327467","13.39333","13.8792","15.31493","17.708","17.708","17.708","75"
"76","8.3384","13.41093","13.89733","15.33493","17.7312","17.7312","17.7312","76"
"77","8.349334","13.42853","13.91547","15.35493","17.75413","17.75413","17.75413","77"
"78","8.360267","13.44587","13.9336","15.37493","17.77733","17.77733","17.77733","78"
"79","8.370934","13.46347","13.95173","15.39493","17.80053","17.80053","17.80053","79"
"80","8.382133","13.48107","13.97013","15.4152","17.824","17.824","17.824","80"
"81","8.393066","13.49867","13.98827","15.4352","17.8472","17.8472","17.8472","81"
"82","8.403733","13.51627","14.0064","15.45547","17.87013","17.87013","17.87013","82"
"83","8.414933","13.53387","14.0248","15.47573","17.8936","17.8936","17.8936","83"
"84","8.425867","13.55173","14.0432","15.496","17.91707","17.91707","17.91707","84"
"85","8.4368","13.56907","14.06133","16.0008","17.94027","17.94027","17.94027","85"
"86","8.447733","13.58693","14.07973","16.5072","17.96373","17.96373","17.96373","86"
"87","8.458933","13.6048","14.09813","16.5288","17.9872","17.9872","17.9872","87"
"88","8.469867","13.6224","14.11653","17.03707","18.01067","18.01067","18.01067","88"
"89","8.481067","13.64027","14.13493","17.54693","18.03413","18.03413","18.03413","89"
"90","8.492","13.65787","14.15333","17.5696","18.0576","18.0576","18.0576","90"
"91","8.502934","13.67573","14.17173","17.4784","17.4784","17.4784","17.4784","91"
"92","8.643733","13.90187","14.40613","18.24773","17.76747","17.76747","17.76747","92"
"93","8.786667","14.13173","14.64427","17.95093","17.47867","17.47867","17.47867","93"
"94","9.069867","14.58747","15.11653","18.4232","17.95093","17.95093","17.95093","94"
"95","9.210667","14.8136","15.35093","18.70907","18.22933","18.22933","18.22933","95"
"96","9.353333","15.04347","15.58907","18.42347","18.42347","18.42347","18.42347","96"
"97","9.6368","15.4992","16.06133","18.4232","18.4232","18.4232","18.4232","97"
"98","9.7776","15.7256","16.296","18.69253","19.17173","19.17173","19.17173","98"
"99","9.920267","15.9552","16.53387","18.42347","18.89573","18.89573","18.89573","99"
"100","9.966933","16.0304","16.61173","18.9848","18.9848","18.9848","18.9848","100"
"101","10.0136","16.10533","16.68933","19.0736","19.5504","19.5504","19.5504","101"
"102","10.06027","16.18027","16.7672","19.1624","19.6416","19.6416","19.6416","102"
"103","10.1072","16.25573","16.84533","19.25173","20.2144","20.2144","20.2144","103"
"104","10.15413","16.3312","16.92347","19.82453","20.30827","20.30827","20.30827","104"
"105","10.20373","16.41093","17.00613","19.368","20.3128","20.3128","20.3128","105"
"106","10.2504","16.48613","17.084","19.4568","20.40587","20.40587","20.40587","106"
"107","10.29733","16.56133","17.16213","19.54587","20.976","20.976","20.976","107"
"108","10.34453","16.63733","17.2408","19.63547","21.072","21.072","21.072","108"
"109","10.39173","16.7136","17.31973","19.72533","21.16853","21.16853","21.16853","109"
"110","10.43947","16.78987","17.39893","19.81547","21.7488","21.7488","21.7488","110"
"111","10.4872","16.86693","17.47867","19.36827","21.25787","21.25787","21.25787","111"
"112","10.5152","16.912","17.52533","19.42","21.78827","21.78827","21.78827","112"
"113","10.5432","16.95707","17.572","19.94667","21.8464","21.8464","21.8464","113"
"114","10.57147","17.0024","17.61893","20","22.3808","22.3808","22.3808","114"
"115","10.59973","17.04773","17.66613","20.53093","22.4408","22.4408","22.4408","115"
"116","10.628","17.09333","17.71333","20.58587","22.5008","22.5008","22.5008","116"
"117","10.65627","17.13893","17.76053","20.64053","22.5608","22.5608","22.5608","117"
"118","10.6848","17.1848","17.808","20.69573","22.62107","22.62107","22.62107","118"
"119","10.71333","17.2304","17.85547","20.75093","22.68133","22.68133","22.68133","119"
"120","10.74187","17.27653","17.9032","20.8064","22.74187","22.74187","22.74187","120"
"121","10.77067","17.32267","17.95093","20.3128","22.2024","22.2024","22.2024","121"
"122","10.78613","17.34773","17.9768","20.34213","22.2344","22.2344","22.2344","122"
"123","10.80187","17.3728","18.00293","20.37173","22.26667","22.26667","22.26667","123"
"124","10.81733","17.39787","18.0288","20.40107","22.29867","22.29867","22.29867","124"
"125","10.83307","17.42293","18.05493","20.43067","22.3312","22.3312","22.3312","125"
"126","10.84853","17.44827","18.08107","20.46027","22.36347","22.36347","22.36347","126"
"127","10.86427","17.47333","18.1072","20.4896","22.39573","22.39573","22.39573","127"
"128","10.88","17.49867","18.13333","20.5192","22.428","22.428","22.428","128"
"129","10.89573","17.524","18.15947","20.5488","22.46027","22.46027","22.46027","129"
"130","10.91147","17.54907","18.1856","20.5784","22.4928","22.4928","22.4928","130"
"131","10.9272","17.57467","18.212","20.60827","22.52533","22.52533","22.52533","131"
"132","10.94293","17.59973","18.23813","20.63787","22.5576","22.5576","22.5576","132"
"133","10.95867","17.62533","18.26453","20.66773","22.5904","22.5904","22.5904","133"
"134","10.97467","17.65067","18.29093","20.6976","22.62293","22.62293","22.62293","134"
"135","10.9904","17.67627","18.31733","20.72747","22.65573","22.65573","22.65573","135"
"136","11.00613","17.7016","18.34373","20.75733","22.68827","22.68827","22.68827","136"
"137","11.02213","17.72747","18.3704","20.78747","22.72133","22.72133","22.72133","137"
"138","11.03813","17.7528","18.3968","21.3016","22.75387","22.75387","22.75387","138"
"139","11.05413","17.77867","18.42347","20.78533","22.20267","22.20267","22.20267","139"
"140","11.12427","17.89147","18.54027","20.91733","22.34347","22.34347","22.34347","140"
"141","11.19493","18.00507","18.65813","21.05013","22.48533","22.48533","22.48533","141"
"142","11.26587","18.11947","18.77653","21.18373","22.628","22.628","22.628","142"
"143","11.33733","18.2344","18.89573","20.78533","22.2024","22.2024","22.2024","143"
"144","11.4312","18.38507","19.052","20.95733","22.38613","22.38613","22.38613","144"
"145","11.49413","18.4864","19.1568","21.07253","22.50933","22.50933","22.50933","145"
"146","11.62107","18.6904","19.36827","20.78533","22.20267","22.20267","22.20267","146"
"147","11.76187","18.9168","19.60293","21.03733","22.47173","22.47173","22.47173","147"
"148","11.90427","19.14613","19.84053","20.78533","22.2024","22.2024","22.2024","148"
"149","12.04533","19.3728","20.07547","21.03147","22.46533","22.46533","22.46533","149"
"150","12.18773","19.60213","20.31307","20.78533","22.20267","22.20267","22.20267","150"
"151","12.32853","19.82853","20.54773","21.0256","22.4592","22.4592","22.4592","151"
"152","12.4712","20.05787","20.78533","20.78533","22.2024","22.2024","22.2024","152"
"153","12.61227","20.28453","21.02027","21.02027","22.4536","22.4536","22.4536","153"
"154","12.75467","20.51387","21.25787","20.7856","22.20267","22.20267","22.20267","154"
"155","12.78987","20.57013","21.31627","20.84267","22.26373","22.26373","22.26373","155"
"156","12.82507","20.62693","21.37493","20.9","22.3248","22.3248","22.3248","156"
"157","12.86027","20.68347","21.4336","20.95733","22.38613","22.38613","22.38613","157"
"158","12.89547","20.74027","21.49253","21.01493","22.44773","22.44773","22.44773","158"
"159","12.93093","20.79733","21.55173","21.55173","22.5096","22.5096","22.5096","159"
"160","12.96667","20.85493","21.6112","21.6112","22.57173","22.57173","22.57173","160"
"161","13.0024","20.91227","21.67067","22.15227","22.63387","22.63387","22.63387","161"
"162","13.03813","20.9696","21.73013","21.73013","22.2024","22.2024","22.2024","162"
"163","13.07307","21.02587","21.78853","22.26213","22.26213","22.26213","22.26213","163"
"164","13.10827","21.08267","21.8472","22.32213","22.32213","22.32213","22.32213","164"
"165","13.14373","21.13947","21.90613","22.85867","22.3824","22.3824","22.3824","165"
"166","13.17893","21.19627","21.96507","22.92","22.92","22.92","22.92","166"
"167","13.21467","21.25333","22.02427","23.46053","22.98187","22.98187","22.98187","167"
"168","13.25013","21.31067","22.08347","23.52373","23.04373","23.04373","23.04373","168"
"169","13.28587","21.368","22.14293","23.58693","23.1056","23.1056","23.1056","169"
"170","13.3216","21.4256","22.20267","23.14747","22.67493","22.67493","22.67493","170"
"171","13.32427","21.4296","22.20693","23.152","22.67947","22.67947","22.67947","171"
"172","13.32667","21.43387","22.2112","23.15627","22.68373","22.68373","22.68373","172"
"173","13.32933","21.43787","22.21547","23.1608","23.1608","23.1608","23.1608","173"
"174","13.332","21.4424","22.22","23.1656","23.1656","23.1656","23.1656","174"
"175","13.33467","21.4464","22.22427","23.64293","23.16987","23.16987","23.16987","175"
"176","13.33707","21.45067","22.22853","23.64747","23.1744","23.1744","23.1744","176"
"177","13.33973","21.45467","22.2328","23.652","23.17893","23.17893","23.17893","177"
"178","13.3424","21.45893","22.23733","23.6568","23.18373","23.18373","23.18373","178"
"179","13.34507","21.4632","22.2416","23.66133","23.188","23.188","23.188","179"
"180","13.34747","21.4672","22.24587","23.66587","23.66587","23.66587","23.66587","180"
"181","13.35013","21.47147","22.25013","23.6704","23.6704","23.6704","23.6704","181"
"182","13.3528","21.47573","22.25467","23.6752","23.6752","23.6752","23.6752","182"
"183","13.35547","21.48","22.25893","24.15333","23.67973","23.67973","23.67973","183"
"184","13.35787","21.484","22.2632","24.15787","23.68427","23.68427","23.68427","184"
"185","13.36053","21.488","22.26747","24.16267","23.6888","23.6888","23.6888","185"
"186","13.3632","21.49253","22.272","24.16747","23.6936","23.6936","23.6936","186"
"187","13.36587","21.49653","22.27627","24.172","24.172","24.172","24.172","187"
"188","13.36827","21.5008","22.28053","24.1768","24.1768","24.1768","24.1768","188"
"189","13.37093","21.50507","22.28507","24.1816","24.1816","24.1816","24.1816","189"
"190","13.3736","21.50933","22.28933","24.1864","24.1864","24.1864","24.1864","190"
"191","13.37627","21.51333","22.2936","24.19093","24.19093","24.19093","24.19093","191"
"192","13.37867","21.51733","22.29787","24.19547","24.19547","24.19547","24.19547","192"
"193","13.38133","21.52187","22.3024","24.20053","24.20053","24.20053","24.20053","193"
"194","13.384","21.52587","22.30667","24.20507","24.67973","24.67973","24.67973","194"
"195","13.38667","21.53013","22.31093","24.20987","24.68453","24.68453","24.68453","195"
"196","13.38933","21.5344","22.31547","24.21467","24.68933","24.68933","24.68933","196"
"197","13.39173","21.53867","22.31973","24.2192","24.69413","24.69413","24.69413","197"
"198","13.3944","21.54267","22.324","24.224","24.69893","24.69893","24.69893","198"
"199","13.39707","21.54693","22.32853","24.2288","24.704","24.704","24.704","199"
"200","13.39973","21.5512","22.3328","24.70853","24.70853","24.70853","24.70853","200"
"201","13.40213","21.5552","22.33707","24.71333","25.18853","25.18853","25.18853","201"
"202","13.40507","21.55973","22.3416","24.7184","25.1936","25.1936","25.1936","202"
"203","13.40747","21.56373","22.34587","24.7232","25.1984","25.1984","25.1984","203"
"204","13.41013","21.568","22.35013","24.72773","25.20347","25.20347","25.20347","204"
"205","13.4128","21.57227","22.35467","24.7328","25.20853","25.20853","25.20853","205"
"206","13.41547","21.57627","22.35893","24.7376","25.21333","25.21333","25.21333","206"
"207","13.41787","21.58053","22.3632","24.74213","25.69387","25.69387","25.69387","207"
"208","13.42053","21.5848","22.36773","24.7472","25.6992","25.6992","25.6992","208"
"209","13.4232","21.58907","22.372","24.752","25.704","25.704","25.704","209"
"210","13.42587","21.59307","22.37627","24.7568","25.7088","25.7088","25.7088","210"
"211","13.42853","21.5976","22.3808","24.76187","25.71413","25.71413","25.71413","211"
"212","13.43093","21.6016","22.38507","24.7664","25.71893","25.71893","25.71893","212"
"213","13.4336","21.6056","22.38933","24.7712","26.20027","26.20027","26.20027","213"
"214","13.43627","21.61013","22.39387","24.77627","26.2056","26.2056","26.2056","214"
"215","13.43893","21.61413","22.39813","24.7808","26.21067","26.21067","26.21067","215"
"216","13.4416","21.61867","22.40267","24.78587","26.216","26.216","26.216","216"
"217","13.44427","21.62267","22.40693","24.79067","26.2208","26.2208","26.2208","217"
"218","13.44667","21.62693","22.4112","24.79547","26.22587","26.22587","26.22587","218"
"219","13.44933","21.6312","22.41573","24.80027","26.2312","26.2312","26.2312","219"
"220","13.452","21.6352","22.42","24.80507","26.23627","26.23627","26.23627","220"
"221","13.45467","21.63947","22.42427","24.80987","26.24107","26.24107","26.24107","221"
"222","13.45733","21.64373","22.4288","24.81493","26.2464","26.2464","26.2464","222"
"223","13.45973","21.648","22.43307","24.81947","26.25147","26.25147","26.25147","223"
"224","13.46267","21.65227","22.4376","24.82453","26.2568","26.2568","26.2568","224"
"225","13.46507","21.65653","22.44187","24.82933","26.26187","26.26187","26.26187","225"
"226","13.46773","21.66053","22.44613","24.83413","26.26667","26.26667","26.26667","226"
"227","13.4704","21.6648","22.45067","24.83893","26.272","26.272","26.272","227"
"228","13.47307","21.66907","22.45493","24.84373","26.27707","26.27707","26.27707","228"
"229","13.47573","21.67333","22.45947","24.8488","26.2824","26.2824","26.2824","229"
"230","13.47813","21.6776","22.46373","24.8536","26.28747","26.28747","26.28747","230"
"231","13.48107","21.68187","22.46827","24.8584","26.29253","26.29253","26.29253","231"
"232","13.48347","21.68587","22.47253","24.8632","26.2976","26.2976","26.2976","232"
"233","13.48613","21.69013","22.4768","24.868","26.30267","26.30267","26.30267","233"
"234","13.4888","21.6944","22.48133","24.87307","26.308","26.308","26.308","234"
"235","13.49147","21.69867","22.4856","24.8776","26.31307","26.31307","26.31307","235"
"236","13.49413","21.70293","22.49013","24.88267","26.31813","26.31813","26.31813","236"
"237","13.49653","21.7072","22.4944","24.88747","26.3232","26.3232","26.3232","237"
"238","13.49947","21.71147","22.49893","24.89253","26.32853","26.32853","26.32853","238"
"239","13.50187","21.71547","22.5032","24.89707","26.3336","26.3336","26.3336","239"
"240","13.50453","21.71973","22.50747","24.90187","26.3384","26.3384","26.3384","240"
"241","13.5072","21.724","22.512","24.90693","26.34373","26.34373","26.34373","241"
"242","13.50987","21.72827","22.51627","24.91173","26.3488","26.3488","26.3488","242"
"243","13.51253","21.73253","22.5208","24.91653","26.35413","26.35413","26.35413","243"
"244","13.51493","21.7368","22.52507","24.92133","26.3592","26.3592","26.3592","244"
"245","13.51787","21.74107","22.5296","24.9264","26.36453","26.36453","26.36453","245"
"246","13.52027","21.74507","22.53387","24.9312","26.36933","26.36933","26.36933","246"
"247","13.52293","21.7496","22.5384","24.936","26.37467","26.37467","26.37467","247"
"248","13.5256","21.7536","22.54267","24.9408","26.37973","26.37973","26.37973","248"
"249","13.52827","21.75813","22.5472","24.94587","26.38507","26.38507","26.38507","249"
"250","13.53093","21.76213","22.55147","24.95067","26.39013","26.39013","26.39013","250"
"251","13.5336","21.76667","22.556","24.95547","26.3952","26.3952","26.3952","251"
"252","13.53627","21.77067","22.56027","24.96027","26.40027","26.40027","26.40027","252"
"253","13.53893","21.77493","22.5648","24.96533","26.4056","26.4056","26.4056","253"
"254","13.54133","21.7792","22.56907","24.97013","26.41067","26.41067","26.41067","254"
"255","13.54427","21.78347","22.5736","24.97493","26.416","26.416","26.416","255"
"256","13.54667","21.78773","22.57787","24.97973","26.4208","26.4208","26.4208","256"
"257","13.54933","21.792","22.5824","24.9848","26.42613","26.42613","26.42613","257"
"258","13.552","21.79627","22.58667","24.9896","26.4312","26.4312","26.4312","258"
"259","13.55467","21.80053","22.5912","24.9944","26.43653","26.43653","26.43653","259"
"260","13.55733","21.80453","22.59547","24.9992","26.4416","26.4416","26.4416","260"
"261","13.56","21.80907","22.6","25.00427","26.44693","26.44693","26.44693","261"
"262","13.56267","21.81307","22.60427","25.00907","26.45173","26.45173","26.45173","262"
"263","13.56533","21.8176","22.6088","25.01387","26.45707","26.45707","26.45707","263"
"264","13.56773","21.8216","22.61307","25.01867","26.46213","26.46213","26.46213","264"
"265","13.57067","21.82587","22.6176","25.02373","26.46747","26.46747","26.46747","265"
"266","13.57307","21.83013","22.62187","25.02853","26.47227","26.47227","26.47227","266"
"267","13.57573","21.8344","22.6264","25.03333","26.4776","26.4776","26.4776","267"
"268","13.5784","21.83867","22.63067","25.03813","26.48267","26.48267","26.48267","268"
"269","13.58107","21.84293","22.6352","25.0432","26.488","26.488","26.488","269"
"270","13.58373","21.84747","22.63973","25.04827","26.49333","26.49333","26.49333","270"
"271","13.5864","21.85147","22.644","25.05307","26.4984","26.4984","26.4984","271"
"272","13.58907","21.85573","22.64853","25.05787","26.50373","26.50373","26.50373","272"
"273","13.59173","21.86","22.6528","25.06267","26.50853","26.50853","26.50853","273"
"274","13.5944","21.86427","22.65733","25.06773","26.51387","26.51387","26.51387","274"
"275","13.59707","21.86853","22.6616","25.07253","26.51893","26.51893","26.51893","275"
"276","13.59973","21.8728","22.66613","25.07733","26.52427","26.52427","26.52427","276"
"277","13.60213","21.87707","22.6704","25.08213","26.52907","26.52907","26.52907","277"
"278","13.60507","21.88133","22.67493","24.56453","25.9816","25.9816","25.9816","278"
"279","13.63067","21.9224","22.7176","24.61067","26.03067","26.03067","26.03067","279"
"280","13.656","21.96347","22.76","24.6568","26.0792","26.0792","26.0792","280"
"281","13.68187","22.0048","22.80293","24.7032","26.12827","26.12827","26.12827","281"
"282","13.70747","22.04613","22.8456","24.74933","26.17733","26.17733","26.17733","282"
"283","13.73307","22.08747","22.88853","24.796","26.2264","26.2264","26.2264","283"
"284","13.75893","22.1288","22.93147","24.8424","26.27573","26.27573","26.27573","284"
"285","13.78453","22.1704","22.9744","24.88907","26.3248","26.3248","26.3248","285"
"286","13.81067","22.212","23.0176","24.93573","26.3744","26.3744","26.3744","286"
"287","13.83653","22.2536","23.0608","24.98267","26.42373","26.42373","26.42373","287"
"288","13.8624","22.29547","23.104","25.02933","26.47333","26.47333","26.47333","288"
"289","13.88853","22.33733","23.14747","24.56453","25.98187","25.98187","25.98187","289"
"290","13.98213","22.488","23.30373","24.7304","26.15733","26.15733","26.15733","290"
"291","14.0768","22.64027","23.46133","24.89787","26.81307","26.81307","26.81307","291"
"292","14.17173","22.79307","23.61973","24.56453","26.45413","26.45413","26.45413","292"
"293","14.26747","22.94693","23.7792","24.7304","26.6328","26.6328","26.6328","293"
"294","14.364","23.10213","23.94","24.8976","26.8128","26.8128","26.8128","294"
"295","14.4552","23.2488","24.092","24.56427","26.45387","26.45387","26.45387","295"
"296","14.59627","23.47573","24.3272","24.80427","26.71227","26.71227","26.71227","296"
"297","14.73867","23.7048","24.56453","24.56453","26.45413","26.45413","26.45413","297"
"298","14.83813","23.8648","24.7304","24.7304","26.6328","26.6328","26.6328","298"
"299","14.93867","24.02613","24.8976","24.8976","26.8128","26.8128","26.8128","299"
"300","15.02213","24.16053","25.0368","25.0368","26.45387","26.45387","26.45387","300"
"301","15.0784","24.2512","25.13067","25.13067","26.55307","26.55307","26.55307","301"
"302","15.13493","24.34187","25.2248","25.2248","26.65253","26.65253","26.65253","302"
"303","15.19147","24.43307","25.3192","25.3192","26.75227","26.75227","26.75227","303"
"304","15.24853","24.52453","25.41413","25.41413","26.8528","26.8528","26.8528","304"
"305","15.3056","24.61653","25.50933","25.50933","26.9264","26.9264","26.9264","305"
"306","15.30933","24.62267","25.51573","25.51573","26.93333","26.93333","26.93333","306"
"307","15.31333","24.6288","25.52213","25.52213","26.94","26.94","26.94","307"
"308","15.31707","24.63493","25.52853","25.52853","26.94667","26.94667","26.94667","308"
"309","15.32107","24.64133","25.53493","25.53493","26.9536","26.9536","26.9536","309"
"310","15.3248","24.64747","25.54133","25.54133","26.96027","26.96027","26.96027","310"
"311","15.32853","24.6536","25.54773","25.54773","26.96693","26.96693","26.96693","311"
"312","15.33253","24.65973","25.55413","25.55413","26.97387","26.97387","26.97387","312"
"313","15.33627","24.66587","25.56053","25.56053","26.98053","26.98053","26.98053","313"
"314","15.34027","24.67227","25.5672","25.5672","26.98773","26.98773","26.98773","314"
"315","15.34427","24.6784","25.5736","25.5736","26.9944","26.9944","26.9944","315"
"316","15.348","24.6848","25.58","25.58","27.00107","27.00107","27.00107","316"
"317","15.35173","24.69093","25.5864","26.06027","27.008","27.008","27.008","317"
"318","15.35573","24.69707","25.5928","26.06667","27.01467","27.01467","27.01467","318"
"319","15.35947","24.7032","25.5992","26.07333","27.49547","27.49547","27.49547","319"
"320","15.36347","24.70933","25.6056","26.07973","27.5024","27.5024","27.5024","320"
"321","15.3672","24.71547","25.612","26.0864","27.50907","27.50907","27.50907","321"
"322","15.3712","24.72213","25.61867","26.09307","27.51627","27.51627","27.51627","322"
"323","15.37493","24.72827","25.62507","26.09973","27.5232","27.5232","27.5232","323"
"324","15.37893","24.7344","25.63147","26.10613","27.53013","27.53013","27.53013","324"
"325","15.38267","24.74053","25.63787","26.58747","27.53707","27.53707","27.53707","325"
"326","15.38667","24.74667","25.64427","26.59413","27.54373","27.54373","27.54373","326"
"327","15.3904","24.7528","25.65067","26.6008","27.55067","27.55067","27.55067","327"
"328","15.3944","24.7592","25.65733","26.60773","27.55787","27.55787","27.55787","328"
"329","15.39813","24.7656","25.66373","26.61413","27.5648","27.5648","27.5648","329"
"330","15.40213","24.77173","25.67013","26.6208","27.57173","27.57173","27.57173","330"
"331","15.40587","24.77787","25.67653","26.62747","27.5784","27.5784","27.5784","331"
"332","15.40987","24.784","25.68293","26.63413","28.06107","28.06107","28.06107","332"
"333","15.41387","24.7904","25.6896","27.1168","28.06827","28.06827","28.06827","333"
"334","15.4176","24.79653","25.696","27.12347","28.0752","28.0752","28.0752","334"
"335","15.42133","24.80293","25.7024","27.1304","28.08213","28.08213","28.08213","335"
"336","15.42533","24.80907","25.7088","27.13707","28.08933","28.08933","28.08933","336"
"337","15.42907","24.8152","25.7152","27.14373","28.09627","28.09627","28.09627","337"
"338","15.43307","24.8216","25.72187","27.15093","28.10347","28.10347","28.10347","338"
"339","15.43707","24.82773","25.72827","27.1576","28.1104","28.1104","28.1104","339"
"340","15.4408","24.83387","25.73467","27.16427","28.1176","28.1176","28.1176","340"
"341","15.44453","24.84","25.74107","27.1712","28.12453","28.12453","28.12453","341"
"342","15.44853","24.84667","25.74773","27.17813","28.13173","28.13173","28.13173","342"
"343","15.45253","24.8528","25.75413","27.1848","28.13867","28.13867","28.13867","343"
"344","15.45627","24.85893","25.76053","27.19173","28.14587","28.14587","28.14587","344"
"345","15.46027","24.86533","25.7672","27.19867","28.15307","28.15307","28.15307","345"
"346","15.46427","24.87147","25.7736","27.68267","28.63733","28.63733","28.63733","346"
"347","15.468","24.8776","25.78","27.6896","28.64453","28.64453","28.64453","347"
"348","15.47173","24.884","25.7864","27.69653","28.65147","28.65147","28.65147","348"
"349","15.47573","24.8904","25.79307","27.70373","28.65893","28.65893","28.65893","349"
"350","15.47973","24.89653","25.79947","27.71067","28.66613","28.66613","28.66613","350"
"351","15.48347","24.90267","25.80587","27.71733","28.67307","28.67307","28.67307","351"
"352","15.48747","24.90907","25.81253","27.72453","28.68053","28.68053","28.68053","352"
"353","15.49147","24.9152","25.81893","27.73147","28.68773","28.68773","28.68773","353"
"354","15.4952","24.92133","25.82533","27.7384","28.69493","28.69493","28.69493","354"
"355","15.4992","24.928","25.832","27.7456","28.70213","28.70213","28.70213","355"
"356","15.50293","24.93413","25.8384","27.75227","28.70933","28.70933","28.70933","356"
"357","15.50693","24.94027","25.8448","27.7592","28.71653","28.71653","28.71653","357"
"358","15.51093","24.94667","25.85147","27.7664","28.72373","28.72373","28.72373","358"
"359","15.51467","24.9528","25.85787","27.77333","29.20987","29.20987","29.20987","359"
"360","15.51867","24.9592","25.86453","27.78053","29.21733","29.21733","29.21733","360"
"361","15.52267","24.96533","25.87093","27.7872","29.22453","29.22453","29.22453","361"
"362","15.5264","24.97173","25.87733","27.79413","29.23173","29.23173","29.23173","362"
"363","15.5304","24.97813","25.884","27.80133","29.23947","29.23947","29.23947","363"
"364","15.53413","24.98427","25.8904","28.28773","29.24667","29.24667","29.24667","364"
"365","15.53813","24.99067","25.89707","28.29493","29.25413","29.25413","29.25413","365"
"366","15.54213","24.9968","25.90347","28.30187","29.26133","29.26133","29.26133","366"
"367","15.54587","25.00293","25.90987","28.3088","29.26853","29.26853","29.26853","367"
"368","15.54987","25.00933","25.91653","28.31627","29.276","29.276","29.276","368"
"369","15.55387","25.01573","25.92293","28.3232","29.2832","29.2832","29.2832","369"
"370","15.55787","25.02213","25.9296","28.3304","29.29093","29.29093","29.29093","370"
"371","15.5616","25.02827","25.936","28.3376","29.29813","29.29813","29.29813","371"
"372","15.5656","25.03467","25.94267","28.3448","29.3056","29.3056","29.3056","372"
"373","15.56933","25.0408","25.94907","28.35173","29.3128","29.3128","29.3128","373"
"374","15.57333","25.04693","25.95547","28.35867","29.32","29.32","29.32","374"
"375","15.57733","25.05333","25.96213","28.36613","29.32747","29.32747","29.32747","375"
"376","15.58107","25.05973","25.96853","28.37307","29.33493","29.33493","29.33493","376"
"377","15.58507","25.06613","25.9752","28.38027","29.3424","29.3424","29.3424","377"
"378","15.58907","25.07227","25.9816","27.8712","28.816","28.816","28.816","378"
"379","15.62933","25.13707","26.0488","27.9432","28.8904","28.8904","28.8904","379"
"380","15.66933","25.2016","26.11573","28.01493","28.9648","28.9648","28.9648","380"
"381","15.70987","25.26667","26.1832","28.08747","29.03947","29.03947","29.03947","381"
"382","15.7504","25.332","26.25067","28.63707","29.1144","29.1144","29.1144","382"
"383","15.79093","25.39707","26.31813","28.71067","29.18933","29.18933","29.18933","383"
"384","15.83173","25.46267","26.38613","28.7848","29.26453","29.26453","29.26453","384"
"385","15.87253","25.52827","26.45413","28.34373","28.816","28.816","28.816","385"
"386","15.89253","25.56053","26.48747","28.37947","28.85253","28.85253","28.85253","386"
"387","15.91253","25.5928","26.52107","28.41547","28.88907","28.88907","28.88907","387"
"388","15.9328","25.62533","26.55467","28.45147","28.9256","28.9256","28.9256","388"
"389","15.95307","25.6576","26.58827","28.48747","28.96213","28.96213","28.96213","389"
"390","15.97307","25.69013","26.62187","28.52347","28.99893","28.99893","28.99893","390"
"391","15.99333","25.7224","26.65547","28.55947","29.03547","29.03547","29.03547","391"
"392","16.0136","25.7552","26.68933","28.59573","29.07227","29.07227","29.07227","392"
"393","16.03387","25.78773","26.72293","28.63173","29.1088","29.1088","29.1088","393"
"394","16.05413","25.82027","26.7568","28.668","29.14587","29.14587","29.14587","394"
"395","16.0744","25.85307","26.79067","28.70427","29.18267","29.18267","29.18267","395"
"396","16.09467","25.8856","26.82453","28.74053","29.21947","29.21947","29.21947","396"
"397","16.11493","25.9184","26.8584","28.7768","29.25653","29.25653","29.25653","397"
"398","16.13547","25.9512","26.89253","28.81333","29.2936","29.2936","29.2936","398"
"399","16.15573","25.984","26.9264","28.34347","28.816","28.816","28.816","399"
"400","16.19093","26.04053","26.98507","28.87867","28.87867","28.87867","28.87867","400"
"401","16.22613","26.09733","27.04373","28.9416","28.9416","28.9416","28.9416","401"
"402","16.2616","26.15413","27.10267","29.00453","29.00453","29.00453","29.00453","402"
"403","16.29707","26.21093","27.1616","29.06773","29.06773","29.06773","29.06773","403"
"404","16.33253","26.268","27.2208","29.13093","29.13093","29.13093","29.13093","404"
"405","16.368","26.32533","27.28","29.1944","29.1944","29.1944","29.1944","405"
"406","16.40373","26.38267","27.33947","29.25813","29.25813","29.25813","29.25813","406"
"407","16.43947","26.44","27.39893","28.816","28.816","28.816","28.816","407"
"408","16.47067","26.49013","27.45093","28.87093","28.87093","28.87093","28.87093","408"
"409","16.50187","26.54053","27.5032","28.92587","28.92587","28.92587","28.92587","409"
"410","16.53333","26.59093","27.55547","28.9808","28.9808","28.9808","28.9808","410"
"411","16.56453","26.64133","27.60773","29.03573","29.03573","29.03573","29.03573","411"
"412","16.59627","26.69227","27.66027","29.09093","29.09093","29.09093","29.09093","412"
"413","16.62773","26.74293","27.7128","29.14613","29.14613","29.14613","29.14613","413"
"414","16.65947","26.79387","27.7656","29.20187","29.20187","29.20187","29.20187","414"
"415","16.69093","26.8448","27.8184","29.25733","29.25733","29.25733","29.25733","415"
"416","16.72267","26.89573","27.8712","28.816","28.816","28.816","28.816","416"
"417","16.76293","26.96053","27.9384","28.88533","28.88533","28.88533","28.88533","417"
"418","16.8032","27.02507","28.00533","29.42933","29.42933","29.42933","29.42933","418"
"419","16.84373","27.09013","28.0728","29.50027","29.50027","29.50027","29.50027","419"
"420","16.88427","27.15547","28.14027","29.5712","29.5712","29.5712","29.5712","420"
"421","16.9248","27.2208","28.208","29.6424","29.6424","29.6424","29.6424","421"
"422","16.96533","27.28613","28.27573","29.7136","29.7136","29.7136","29.7136","422"
"423","17.00613","27.35173","28.34373","29.28853","29.28853","29.28853","29.28853","423"
"424","17.05307","27.4272","28.42187","29.36933","29.36933","29.36933","29.36933","424"
"425","17.10027","27.50267","28.50027","29.4504","29.4504","29.4504","29.4504","425"
"426","17.14747","27.57867","28.57893","29.53147","29.53147","29.53147","29.53147","426"
"427","17.19467","27.65493","28.65787","29.61307","29.61307","29.61307","29.61307","427"
"428","17.24213","27.73093","28.7368","29.69467","29.69467","29.69467","29.69467","428"
"429","17.2896","27.80747","28.816","29.28827","29.28827","29.28827","29.28827","429"
"430","17.36","27.9208","28.93333","29.40773","29.40773","29.40773","29.40773","430"
"431","17.43067","28.0344","29.0512","29.52747","29.52747","29.52747","29.52747","431"
"432","17.50187","28.14853","29.1696","29.64773","29.64773","29.64773","29.64773","432"
"433","17.57307","28.26347","29.28853","29.28853","29.28853","29.28853","29.28853","433"
"434","17.64453","28.3784","29.40773","29.40773","29.40773","29.40773","29.40773","434"
"435","17.71653","28.49413","29.52747","30.00373","30.00373","30.00373","30.00373","435"
"436","17.78853","28.61013","29.64773","30.12587","30.12587","30.12587","30.12587","436"
"437","17.85653","28.7192","29.7608","29.7608","29.7608","29.7608","29.7608","437"
"438","17.8968","28.784","29.828","29.828","29.828","29.828","29.828","438"
"439","17.93707","28.8488","29.8952","29.8952","29.8952","29.8952","29.8952","439"
"440","17.97733","28.9136","29.9624","29.9624","29.9624","29.9624","29.9624","440"
"441","18.01787","28.97893","30.02987","30.02987","30.02987","30.02987","30.02987","441"
"442","18.05867","29.04427","30.0976","30.0976","30.0976","30.0976","30.0976","442"
"443","18.0992","29.1096","30.16533","30.16533","30.16533","30.16533","30.16533","443"
"444","18.14","29.1752","30.23333","30.23333","30.23333","30.23333","30.23333","444"
"445","18.18693","29.25067","30.31147","30.31147","30.31147","30.31147","30.31147","445"
"446","18.23387","29.32613","30.38987","30.38987","30.38987","30.38987","30.38987","446"
"447","18.28107","29.40213","30.46853","30.46853","30.46853","30.46853","30.46853","447"
"448","18.32853","29.4784","30.54747","30.54747","30.54747","30.54747","30.54747","448"
"449","18.37573","29.5544","30.6264","30.6264","30.6264","30.6264","30.6264","449"
"450","18.42347","29.63093","30.7056","30.7056","30.7056","30.7056","30.7056","450"
"451","18.46373","29.69573","30.7728","30.7728","30.7728","30.7728","30.7728","451"
"452","18.504","29.76053","30.84","30.84","30.84","30.84","30.84","452"
"453","18.54427","29.82533","30.9072","30.9072","30.9072","30.9072","30.9072","453"
"454","18.5848","29.89067","30.97467","30.97467","30.97467","30.97467","30.97467","454"
"455","18.62533","29.956","31.0424","31.0424","31.0424","31.0424","31.0424","455"
"456","18.66613","30.02133","31.11013","31.11013","31.11013","31.11013","31.11013","456"
"457","18.70693","30.08693","31.17813","31.17813","31.17813","31.17813","31.17813","457"
"458","18.75387","30.1624","31.25627","31.25627","31.25627","31.25627","31.25627","458"
"459","18.8008","30.23787","31.33467","31.33467","31.33467","31.33467","31.33467","459"
"460","18.848","30.31387","31.41333","31.41333","31.41333","31.41333","31.41333","460"
"461","18.89547","30.39013","31.49227","31.49227","31.49227","31.49227","31.49227","461"
"462","18.94267","30.46613","31.5712","31.5712","31.5712","31.5712","31.5712","462"
"463","18.99013","30.54267","31.6504","31.6504","31.6504","31.6504","31.6504","463"
"464","19.27387","30.99867","32.12293","32.12293","32.12293","32.12293","32.12293","464"
"465","19.41493","31.2256","32.35814","32.35814","32.35814","32.35814","32.35814","465"
"466","19.55707","31.4544","32.5952","32.5952","32.5952","32.5952","32.5952","466"
"467","19.84053","31.9104","33.06773","33.06773","33.06773","33.06773","33.06773","467"
"468","19.98187","32.13733","33.30293","33.30293","33.30293","33.30293","33.30293","468"
"469","20.124","32.36613","33.54","33.54","33.54","33.54","33.54","469"
"470","20.40747","32.82213","34.01254","34.01254","34.01254","34.01254","34.01254","470"
"471","20.54853","33.04907","34.24773","34.24773","34.24773","34.24773","34.24773","471"
"472","20.69093","33.27787","34.4848","34.4848","34.4848","34.4848","34.4848","472"
"473","20.9744","33.73387","34.95733","34.95733","34.95733","34.95733","34.95733","473"
"474","21.11547","33.9608","35.19253","35.19253","35.19253","35.19253","35.19253","474"
"475","21.25787","34.1896","35.4296","35.4296","35.4296","35.4296","35.4296","475"
"476","21.54107","34.64533","35.90187","35.90187","35.90187","35.90187","35.90187","476"
"477","21.6824","34.87253","36.13733","36.13733","36.13733","36.13733","36.13733","477"
"478","21.82453","35.10133","36.3744","36.3744","36.3744","36.3744","36.3744","478"
"479","22.108","35.55707","36.84667","36.84667","36.84667","36.84667","36.84667","479"
"480","22.24933","35.78427","37.08213","37.08213","37.08213","37.08213","37.08213","480"
"481","22.39147","36.01307","37.3192","37.3192","37.3192","37.3192","37.3192","481"
"482","22.67493","36.4688","37.79147","37.79147","37.79147","37.79147","37.79147","482"
"483","22.9584","36.9248","38.264","38.264","38.264","38.264","38.264","483"
"484","23.09973","37.152","38.49947","38.49947","38.49947","38.49947","38.49947","484"
"485","23.24187","37.38054","38.73627","38.73627","38.73627","38.73627","38.73627","485"
"486","23.52533","37.83653","39.2088","39.2088","39.2088","39.2088","39.2088","486"
"487","23.80853","38.29227","39.68107","39.68107","39.68107","39.68107","39.68107","487"
"488","24.09227","38.74827","40.1536","40.1536","40.1536","40.1536","40.1536","488"
"489","24.23333","38.97547","40.38906","40.38906","40.38906","40.38906","40.38906","489"
"490","24.37547","39.204","40.62587","40.62587","40.62587","40.62587","40.62587","490"
"491","24.65893","39.66","41.0984","41.0984","41.0984","41.0984","41.0984","491"
"492","24.9424","40.11573","41.57067","41.57067","41.57067","41.57067","41.57067","492"
"493","25.22587","40.57173","42.0432","42.0432","42.0432","42.0432","42.0432","493"
"494","25.3672","40.79893","42.27867","42.27867","42.27867","42.27867","42.27867","494"
"495","25.50933","41.02747","42.51546","42.51546","42.51546","42.51546","42.51546","495"
"496","25.7928","41.48347","42.988","42.988","42.988","42.988","42.988","496"
"497","26.07627","41.9392","43.46027","43.46027","43.46027","43.46027","43.46027","497"
"498","26.35973","42.3952","43.9328","43.9328","43.9328","43.9328","43.9328","498"
"499","26.64293","42.85093","44.40507","44.40507","44.40507","44.40507","44.40507","499"
"500","26.92667","43.30693","44.8776","44.8776","44.8776","44.8776","44.8776","500"
"501","27.06773","43.53413","45.11307","45.11307","45.11307","45.11307","45.11307","501"
"502","27.20987","43.76266","45.34986","45.34986","45.34986","45.34986","45.34986","502"
"503","27.49333","44.21867","45.8224","45.8224","45.8224","45.8224","45.8224","503"
"504","27.7768","44.6744","46.29467","46.29467","46.29467","46.29467","46.29467","504"
"505","28.06027","45.1304","46.7672","46.7672","46.7672","46.7672","46.7672","505"
"506","28.34373","45.58613","47.23947","47.23947","47.23947","47.23947","47.23947","506"
"507","28.62693","46.04187","47.71173","47.71173","47.71173","47.71173","47.71173","507"
"508","28.91067","46.49787","48.18427","48.18427","48.18427","48.18427","48.18427","508"
"509","29.19387","46.9536","48.65653","48.65653","48.65653","48.65653","48.65653","509"
"510","29.47733","47.4096","49.12907","49.12907","49.12907","49.12907","49.12907","510"
"511","29.7608","47.86533","49.60133","49.60133","49.60133","49.60133","49.60133","511"
"512","30.04427","48.32133","50.07387","50.07387","50.07387","50.07387","50.07387","512"
"513","30.32773","48.77707","50.54613","50.54613","50.54613","50.54613","50.54613","513"
"514","30.6112","49.23307","51.01867","51.01867","51.01867","51.01867","51.01867","514"
"515","30.89467","49.6888","51.49093","51.49093","51.49093","51.49093","51.49093","515"
"516","31.17813","50.1448","51.96347","51.96347","51.96347","51.96347","51.96347","516"
"517","31.46133","50.60053","52.43573","52.43573","52.43573","52.43573","52.43573","517"
"518","31.74507","51.05653","52.90827","52.90827","52.90827","52.90827","52.90827","518"
"519","32.02827","51.51227","53.38054","53.38054","53.38054","53.38054","53.38054","519"
"520","32.31173","51.96827","53.85307","53.85307","53.85307","53.85307","53.85307","520"
"521","32.5952","52.424","54.32533","54.32533","54.32533","54.32533","54.32533","521"
"522","32.87867","52.88","54.79787","54.79787","54.79787","54.79787","54.79787","522"
"523","33.16213","53.33573","55.27013","55.27013","55.27013","55.27013","55.27013","523"
"524","33.4456","53.79173","55.74267","55.74267","55.74267","55.74267","55.74267","524"
"525","33.72906","54.24747","56.21493","56.21493","56.21493","56.21493","56.21493","525"
"526","34.29573","55.1592","57.15973","57.15973","57.15973","57.15973","57.15973","526"
"527","34.57947","55.6152","57.63227","57.63227","57.63227","57.63227","57.63227","527"
"528","34.86267","56.07093","58.10453","58.10453","58.10453","58.10453","58.10453","528"
"529","35.14613","56.52693","58.57707","58.57707","58.57707","58.57707","58.57707","529"
"530","35.4296","56.98267","59.04933","59.04933","59.04933","59.04933","59.04933","530"
"531","35.71307","57.4384","59.5216","59.5216","59.5216","59.5216","59.5216","531"
"532","35.99653","57.8944","59.99413","59.99413","59.99413","59.99413","59.99413","532"
"533","36.56347","58.80613","60.93893","60.93893","60.93893","60.93893","60.93893","533"
"534","36.84667","59.26187","61.4112","61.4112","61.4112","61.4112","61.4112","534"
"535","37.13013","59.71786","61.88373","61.88373","61.88373","61.88373","61.88373","535"
"536","37.4136","60.1736","62.356","62.356","62.356","62.356","62.356","536"
"537","37.98053","61.08533","63.3008","63.3008","63.3008","63.3008","63.3008","537"
"538","38.264","61.54133","63.77333","63.77333","63.77333","63.77333","63.77333","538"
"539","38.54747","61.99707","64.2456","64.2456","64.2456","64.2456","64.2456","539"
"540","38.83093","62.45307","64.71813","64.71813","64.71813","64.71813","64.71813","540"
"541","39.39787","63.3648","65.66293","65.66293","65.66293","65.66293","65.66293","541"
"542","39.68107","63.82053","66.1352","66.1352","66.1352","66.1352","66.1352","542"
"543","39.96453","64.27654","66.60773","66.60773","66.60773","66.60773","66.60773","543"
"544","40.53147","65.18826","67.55254","67.55254","67.55254","67.55254","67.55254","544"
"545","40.81493","65.644","68.0248","68.0248","68.0248","68.0248","68.0248","545"
"546","41.0984","66.1","68.49733","68.49733","68.49733","68.49733","68.49733","546"
"547","41.66533","67.01173","69.44213","69.44213","69.44213","69.44213","69.44213","547"
"548","41.94853","67.46747","69.9144","69.9144","69.9144","69.9144","69.9144","548"
"549","42.23227","67.92347","70.38693","70.38693","70.38693","70.38693","70.38693","549"
"550","42.79893","68.83493","71.33147","71.33147","71.33147","71.33147","71.33147","550"
"551","43.0824","69.29093","71.804","71.804","71.804","71.804","71.804","551"
"552","43.64933","70.20267","72.7488","72.7488","72.7488","72.7488","72.7488","552"
"553","43.93253","70.6584","73.22107","73.22107","73.22107","73.22107","73.22107","553"
"554","44.21627","71.1144","73.6936","73.6936","73.6936","73.6936","73.6936","554"
"555","44.78293","72.02613","74.6384","74.6384","74.6384","74.6384","74.6384","555"
"556","45.0664","72.48186","75.11066","75.11066","75.11066","75.11066","75.11066","556"
"557","45.63334","73.3936","76.05547","76.05547","76.05547","76.05547","76.05547","557"
"558","45.9168","73.8496","76.528","76.528","76.528","76.528","76.528","558"
"559","46.48373","74.76133","77.4728","77.4728","77.4728","77.4728","77.4728","559"
"560","46.76693","75.21706","77.94507","77.94507","77.94507","77.94507","77.94507","560"
"561","47.33387","76.1288","78.88987","78.88987","78.88987","78.88987","78.88987","561"
"562","47.9008","77.04053","79.83466","79.83466","79.83466","79.83466","79.83466","562"
"563","48.18427","77.49654","80.3072","80.3072","80.3072","80.3072","80.3072","563"
"564","48.7512","78.40826","81.252","81.252","81.252","81.252","81.252","564"
"565","49.03467","78.864","81.72427","81.72427","81.72427","81.72427","81.72427","565"
"566","49.60133","79.77573","82.66907","82.66907","82.66907","82.66907","82.66907","566"
"567","50.16827","80.68747","83.61387","83.61387","83.61387","83.61387","83.61387","567"
"568","50.45173","81.1432","84.08614","84.08614","84.08614","84.08614","84.08614","568"
"569","51.01867","82.05493","85.03093","85.03093","85.03093","85.03093","85.03093","569"
"570","51.58533","82.96667","85.97573","85.97573","85.97573","85.97573","85.97573","570"
"571","51.86907","83.42267","86.44827","86.44827","86.44827","86.44827","86.44827","571"
"572","52.43573","84.3344","87.39307","87.39307","87.39307","87.39307","87.39307","572"
"573","53.00267","85.24613","88.33787","88.33787","88.33787","88.33787","88.33787","573"
"574","53.28613","85.70187","88.81013","88.81013","88.81013","88.81013","88.81013","574"
"575","53.85307","86.6136","89.75494","89.75494","89.75494","89.75494","89.75494","575"
"576","54.41973","87.52533","90.69973","90.69973","90.69973","90.69973","90.69973","576"
"577","54.98667","88.43707","91.64453","91.64453","91.64453","91.64453","91.64453","577"
"578","55.5536","89.3488","92.58933","92.58933","92.58933","92.58933","92.58933","578"
"579","55.83707","89.8048","93.06187","93.06187","93.06187","93.06187","93.06187","579"
"580","56.404","90.71653","94.00667","94.00667","94.00667","94.00667","94.00667","580"
"581","56.97066","91.628","94.9512","94.9512","94.9512","94.9512","94.9512","581"
"582","57.5376","92.53973","95.896","95.896","95.896","95.896","95.896","582"
"583","58.10453","93.45147","96.8408","96.8408","96.8408","96.8408","96.8408","583"
"584","58.67147","94.3632","97.7856","97.7856","97.7856","97.7856","97.7856","584"
"585","59.23813","95.27493","98.7304","98.7304","98.7304","98.7304","98.7304","585"
"586","59.80507","96.18667","99.6752","99.6752","99.6752","99.6752","99.6752","586"
"587","60.372","97.0984","100.62","100.62","100.62","100.62","100.62","587"
"588","60.93893","98.01013","101.5648","101.5648","101.5648","101.5648","101.5648","588"
"589","61.50587","98.92187","102.5096","102.5096","102.5096","102.5096","102.5096","589"
"590","62.07253","99.8336","103.4544","103.4544","103.4544","103.4544","103.4544","590"
"591","62.63947","100.7453","104.3992","104.3992","104.3992","104.3992","104.3992","591"
"592","63.2064","101.6571","105.344","105.344","105.344","105.344","105.344","592"
"593","63.77333","102.5688","106.2888","106.2888","106.2888","106.2888","106.2888","593"
"594","64.34026","103.4805","107.2336","107.2336","107.2336","107.2336","107.2336","594"
"595","64.90694","104.3923","108.1784","108.1784","108.1784","108.1784","108.1784","595"
"596","65.47387","105.304","109.1232","109.1232","109.1232","109.1232","109.1232","596"
"597","66.32426","106.6715","110.5403","110.5403","110.5403","110.5403","110.5403","597"
"598","66.89093","107.5832","111.4851","111.4851","111.4851","111.4851","111.4851","598"
"599","67.45787","108.4949","112.4299","112.4299","112.4299","112.4299","112.4299","599"
"600","68.0248","109.4067","113.3747","113.3747","113.3747","113.3747","113.3747","600"
"601","68.59174","110.3184","114.3195","114.3195","114.3195","114.3195","114.3195","601"
"602","69.44213","111.6861","115.7368","115.7368","115.7368","115.7368","115.7368","602"
"603","70.00906","112.5979","116.6816","116.6816","116.6816","116.6816","116.6816","603"
"604","70.57574","113.5096","117.6264","117.6264","117.6264","117.6264","117.6264","604"
"605","71.42613","114.8771","119.0435","119.0435","119.0435","119.0435","119.0435","605"
"606","71.99306","115.7888","119.9883","119.9883","119.9883","119.9883","119.9883","606"
"607","72.55973","116.7005","120.9331","120.9331","120.9331","120.9331","120.9331","607"
"608","73.41013","118.068","122.3501","122.3501","122.3501","122.3501","122.3501","608"
"609","73.97707","118.9797","123.2949","123.2949","123.2949","123.2949","123.2949","609"
"610","74.82747","120.3475","124.7123","124.7123","124.7123","124.7123","124.7123","610"
"611","75.39413","121.2592","125.6571","125.6571","125.6571","125.6571","125.6571","611"
"612","76.24453","122.6267","127.0741","127.0741","127.0741","127.0741","127.0741","612"
"613","76.81147","123.5384","128.0189","128.0189","128.0189","128.0189","128.0189","613"
"614","77.66187","124.9059","129.4363","129.4363","129.4363","129.4363","129.4363","614"
"615","78.22853","125.8176","130.3808","130.3808","130.3808","130.3808","130.3808","615"
"616","79.07893","127.1851","131.7981","131.7981","131.7981","131.7981","131.7981","616"
"617","79.64587","128.0968","132.7429","132.7429","132.7429","132.7429","132.7429","617"
"618","80.496","129.4645","134.16","134.16","134.16","134.16","134.16","618"
"619","81.3464","130.832","135.5773","135.5773","135.5773","135.5773","135.5773","619"
"620","81.91333","131.7437","136.5221","136.5221","136.5221","136.5221","136.5221","620"
"621","82.76347","133.1112","137.9392","137.9392","137.9392","137.9392","137.9392","621"
"622","83.61387","134.4789","139.3565","139.3565","139.3565","139.3565","139.3565","622"
"623","84.46426","135.8464","140.7736","140.7736","140.7736","140.7736","140.7736","623"
"624","85.03093","136.7581","141.7184","141.7184","141.7184","141.7184","141.7184","624"
"625","85.88133","138.1256","143.1355","143.1355","143.1355","143.1355","143.1355","625"
"626","86.73174","139.4933","144.5528","144.5528","144.5528","144.5528","144.5528","626"
"627","87.58186","140.8608","145.9699","145.9699","145.9699","145.9699","145.9699","627"
"628","88.43227","142.2285","147.3872","147.3872","147.3872","147.3872","147.3872","628"
"629","89.28267","143.596","148.8043","148.8043","148.8043","148.8043","148.8043","629"
"630","90.13306","144.9637","150.2216","150.2216","150.2216","150.2216","150.2216","630"
"631","90.9832","146.3312","151.6387","151.6387","151.6387","151.6387","151.6387","631"
"632","91.8336","147.6989","153.056","153.056","153.056","153.056","153.056","632"
"633","92.68373","149.0664","154.4731","154.4731","154.4731","154.4731","154.4731","633"
"634","93.53413","150.4339","155.8901","155.8901","155.8901","155.8901","155.8901","634"
"635","94.38454","151.8016","157.3075","157.3075","157.3075","157.3075","157.3075","635"
"636","95.23466","153.1691","158.7245","158.7245","158.7245","158.7245","158.7245","636"
"637","96.08507","154.5368","160.1419","160.1419","160.1419","160.1419","160.1419","637"
"638","96.93546","155.9043","161.5589","161.5589","161.5589","161.5589","161.5589","638"
"639","97.78587","157.272","162.9763","162.9763","162.9763","162.9763","162.9763","639"
"640","98.91946","159.0955","164.8659","164.8659","164.8659","164.8659","164.8659","640"
"641","99.76987","160.4629","166.2829","166.2829","166.2829","166.2829","166.2829","641"
"642","100.62","161.8304","167.7","167.7","167.7","167.7","167.7","642"
"643","101.4704","163.1981","169.1173","169.1173","169.1173","169.1173","169.1173","643"
"644","102.6043","165.0216","171.0069","171.0069","171.0069","171.0069","171.0069","644"
"645","103.4544","166.3891","172.424","172.424","172.424","172.424","172.424","645"
"646","104.5883","168.2125","174.3136","174.3136","174.3136","174.3136","174.3136","646"
"647","105.4387","169.5803","175.7309","175.7309","175.7309","175.7309","175.7309","647"
"648","106.5723","171.4035","177.6203","177.6203","177.6203","177.6203","177.6203","648"
"649","107.4227","172.7712","179.0376","179.0376","179.0376","179.0376","179.0376","649"
"650","108.5563","174.5947","180.9272","180.9272","180.9272","180.9272","180.9272","650"
"651","109.4067","175.9621","182.3443","182.3443","182.3443","182.3443","182.3443","651"
"652","110.5403","177.7856","184.2339","184.2339","184.2339","184.2339","184.2339","652"
"653","111.3907","179.1533","185.6512","185.6512","185.6512","185.6512","185.6512","653"
"654","112.5245","180.9768","187.5408","187.5408","187.5408","187.5408","187.5408","654"
"655","113.6581","182.8","189.4301","189.4301","189.4301","189.4301","189.4301","655"
"656","114.7917","184.6235","191.3197","191.3197","191.3197","191.3197","191.3197","656"
"657","115.6421","185.9912","192.7371","192.7371","192.7371","192.7371","192.7371","657"
"658","116.776","187.8147","194.6267","194.6267","194.6267","194.6267","194.6267","658"
"659","117.9099","189.6381","196.5163","196.5163","196.5163","196.5163","196.5163","659"
"660","119.0435","191.4616","198.4059","198.4059","198.4059","198.4059","198.4059","660"
"661","120.1773","193.2851","200.2955","200.2955","200.2955","200.2955","200.2955","661"
"662","121.3109","195.1083","202.1848","202.1848","202.1848","202.1848","202.1848","662"
"663","122.4445","196.9317","204.0744","204.0744","204.0744","204.0744","204.0744","663"
"664","123.5784","198.7552","205.964","205.964","205.964","205.964","205.964","664"
"665","124.7123","200.5787","207.8536","207.8536","207.8536","207.8536","207.8536","665"
"666","125.8459","202.4021","209.7432","209.7432","209.7432","209.7432","209.7432","666"
"667","126.9797","204.2256","211.6328","211.6328","211.6328","211.6328","211.6328","667"
"668","128.1133","206.0491","213.5224","213.5224","213.5224","213.5224","213.5224","668"
"669","129.5307","208.3283","215.8843","215.8843","215.8843","215.8843","215.8843","669"
"670","130.6643","210.1517","217.7739","217.7739","217.7739","217.7739","217.7739","670"
"671","131.7981","211.9752","219.6635","219.6635","219.6635","219.6635","219.6635","671"
"672","133.2155","214.2547","222.0256","222.0256","222.0256","222.0256","222.0256","672"
"673","134.3491","216.0781","223.9152","223.9152","223.9152","223.9152","223.9152","673"
"674","135.7661","218.3573","226.2771","226.2771","226.2771","226.2771","226.2771","674"
"675","136.9","220.1808","228.1667","228.1667","228.1667","228.1667","228.1667","675"
"676","138.3171","222.46","230.5285","230.5285","230.5285","230.5285","230.5285","676"
"677","139.4509","224.2835","232.4181","232.4181","232.4181","232.4181","232.4181","677"
"678","140.8683","226.5629","234.7803","234.7803","234.7803","234.7803","234.7803","678"
"679","142.0019","228.3861","236.6696","236.6696","236.6696","236.6696","236.6696","679"
"680","143.4189","230.6656","239.0317","239.0317","239.0317","239.0317","239.0317","680"
"681","144.8363","232.9448","241.3936","241.3936","241.3936","241.3936","241.3936","681"
"682","146.2533","235.2243","243.7557","243.7557","243.7557","243.7557","243.7557","682"
"683","147.3872","237.0477","245.6453","245.6453","245.6453","245.6453","245.6453","683"
"684","148.8043","239.3269","248.0072","248.0072","248.0072","248.0072","248.0072","684"
"685","150.2213","241.6061","250.3691","250.3691","250.3691","250.3691","250.3691","685"
"686","151.6387","243.8856","252.7312","252.7312","252.7312","252.7312","252.7312","686"
"687","153.0557","246.1648","255.0931","255.0931","255.0931","255.0931","255.0931","687"
"688","154.4731","248.4443","257.4552","257.4552","257.4552","257.4552","257.4552","688"
"689","155.8901","250.7235","259.8171","259.8171","259.8171","259.8171","259.8171","689"
"690","157.3075","253.0027","262.1789","262.1789","262.1789","262.1789","262.1789","690"
"691","159.008","255.7379","265.0133","265.0133","265.0133","265.0133","265.0133","691"
"692","160.4253","258.0173","267.3755","267.3755","267.3755","267.3755","267.3755","692"
"693","161.8424","260.2965","269.7373","269.7373","269.7373","269.7373","269.7373","693"
"694","163.5429","263.0317","272.5717","272.5717","272.5717","272.5717","272.5717","694"
"695","164.9603","265.3109","274.9336","274.9336","274.9336","274.9336","274.9336","695"
"696","166.3773","267.5904","277.2957","277.2957","277.2957","277.2957","277.2957","696"
"697","168.0781","270.3256","280.1301","280.1301","280.1301","280.1301","280.1301","697"
"698","169.4952","272.6048","282.492","282.492","282.492","282.492","282.492","698"
"699","171.1957","275.34","285.3264","285.3264","285.3264","285.3264","285.3264","699"
"700","172.8965","278.0752","288.1608","288.1608","288.1608","288.1608","288.1608","700"
"701","174.3136","280.3544","290.5227","290.5227","290.5227","290.5227","290.5227","701"
"702","176.0141","283.0896","293.3571","293.3571","293.3571","293.3571","293.3571","702"
"703","177.7149","285.8248","296.1915","296.1915","296.1915","296.1915","296.1915","703"
"704","179.4155","288.56","299.0259","299.0259","299.0259","299.0259","299.0259","704"
"705","181.1163","291.2952","301.8603","301.8603","301.8603","301.8603","301.8603","705"
"706","182.8168","294.0304","304.6947","304.6947","304.6947","304.6947","304.6947","706"
"707","184.5173","296.7653","307.5288","307.5288","307.5288","307.5288","307.5288","707"
"708","186.2179","299.5005","310.3632","310.3632","310.3632","310.3632","310.3632","708"
"709","187.9187","302.2357","313.1976","313.1976","313.1976","313.1976","313.1976","709"
"710","189.6192","304.9709","316.032","316.032","316.032","316.032","316.032","710"
"711","191.3197","307.7061","318.8664","318.8664","318.8664","318.8664","318.8664","711"
"712","193.3037","310.8971","322.1731","322.1731","322.1731","322.1731","322.1731","712"
"713","195.0045","313.6323","325.0075","325.0075","325.0075","325.0075","325.0075","713"
"714","196.9885","316.8235","328.3144","328.3144","328.3144","328.3144","328.3144","714"
"715","198.6891","319.5584","331.1485","331.1485","331.1485","331.1485","331.1485","715"
"716","200.6733","322.7496","334.4555","334.4555","334.4555","334.4555","334.4555","716"
"717","202.3739","325.4848","337.2899","337.2899","337.2899","337.2899","337.2899","717"
"718","204.3579","328.6757","340.5965","340.5965","340.5965","340.5965","340.5965","718"
"719","206.3419","331.8667","343.9032","343.9032","343.9032","343.9032","343.9032","719"
"720","208.3261","335.0579","347.2101","347.2101","347.2101","347.2101","347.2101","720"
"721","210.0267","337.7931","350.0445","350.0445","350.0445","350.0445","350.0445","721"
"722","212.0107","340.984","353.3512","353.3512","353.3512","353.3512","353.3512","722"
"723","213.9947","344.1749","356.6579","356.6579","356.6579","356.6579","356.6579","723"
"724","215.9789","347.3661","359.9648","359.9648","359.9648","359.9648","359.9648","724"
"725","218.2464","351.0131","363.744","363.744","363.744","363.744","363.744","725"
"726","220.2304","354.204","367.0507","367.0507","367.0507","367.0507","367.0507","726"
"727","222.2144","357.3949","370.3573","370.3573","370.3573","370.3573","370.3573","727"
"728","224.1987","360.5861","373.6643","373.6643","373.6643","373.6643","373.6643","728"
"729","226.4661","364.2331","377.4435","377.4435","377.4435","377.4435","377.4435","729"
"730","228.4501","367.424","380.7501","380.7501","380.7501","380.7501","380.7501","730"
"731","230.7176","371.0709","384.5293","384.5293","384.5293","384.5293","384.5293","731"
"732","232.7016","374.2619","387.836","387.836","387.836","387.836","387.836","732"
"733","234.9691","377.9088","391.6152","391.6152","391.6152","391.6152","391.6152","733"
"734","237.2365","381.5555","395.3944","395.3944","395.3944","395.3944","395.3944","734"
"735","239.5043","385.2024","399.1736","399.1736","399.1736","399.1736","399.1736","735"
"736","241.7715","388.8491","402.9525","402.9525","402.9525","402.9525","402.9525","736"
"737","244.0389","392.496","406.7317","406.7317","406.7317","406.7317","406.7317","737"
"738","246.3067","396.1429","410.5109","410.5109","410.5109","410.5109","410.5109","738"
"739","248.5741","399.7899","414.2901","414.2901","414.2901","414.2901","414.2901","739"
"740","250.8416","403.4368","418.0693","418.0693","418.0693","418.0693","418.0693","740"
"741","253.1091","407.0837","421.8485","421.8485","421.8485","421.8485","421.8485","741"
"742","255.66","411.1864","426.1","426.1","426.1","426.1","426.1","742"
"743","257.9275","414.8333","429.8792","429.8792","429.8792","429.8792","429.8792","743"
"744","260.4784","418.936","434.1307","434.1307","434.1307","434.1307","434.1307","744"
"745","262.7459","422.5829","437.9099","437.9099","437.9099","437.9099","437.9099","745"
"746","265.2968","426.6856","442.1613","442.1613","442.1613","442.1613","442.1613","746"
"747","267.8477","430.7885","446.4131","446.4131","446.4131","446.4131","446.4131","747"
"748","270.3987","434.8912","450.6645","450.6645","450.6645","450.6645","450.6645","748"
"749","272.6661","438.5381","454.4437","454.4437","454.4437","454.4437","454.4437","749"
"750","275.2171","442.6408","458.6952","458.6952","458.6952","458.6952","458.6952","750"
"751","278.0515","447.1995","463.4192","463.4192","463.4192","463.4192","463.4192","751"
"752","280.6024","451.3021","467.6707","467.6707","467.6707","467.6707","467.6707","752"
"753","283.1533","455.4051","471.9224","471.9224","471.9224","471.9224","471.9224","753"
"754","285.7043","459.5077","476.1739","476.1739","476.1739","476.1739","476.1739","754"
"755","288.5387","464.0664","480.8979","480.8979","480.8979","480.8979","480.8979","755"
"756","291.0896","468.1691","485.1493","485.1493","485.1493","485.1493","485.1493","756"
"757","293.924","472.7277","489.8733","489.8733","489.8733","489.8733","489.8733","757"
"758","296.7584","477.2864","494.5973","494.5973","494.5973","494.5973","494.5973","758"
"759","299.3093","481.3891","498.8488","498.8488","498.8488","498.8488","498.8488","759"
"760","302.1437","485.9477","503.5728","503.5728","503.5728","503.5728","503.5728","760"
"761","304.9779","490.5061","508.2965","508.2965","508.2965","508.2965","508.2965","761"
"762","307.8123","495.0648","513.0205","513.0205","513.0205","513.0205","513.0205","762"
"763","310.9301","500.0795","518.217","518.217","518.217","518.217","518.217","763"
"764","313.7645","504.6379","522.9408","522.9408","522.9408","522.9408","522.9408","764"
"765","316.5989","509.1965","527.6648","527.6648","527.6648","527.6648","527.6648","765"
"766","319.7165","514.2109","532.8611","532.8611","532.8611","532.8611","532.8611","766"
"767","322.5509","518.7696","537.5851","537.5851","537.5851","537.5851","537.5851","767"
"768","325.6691","523.7842","542.7816","542.7816","542.7816","542.7816","542.7816","768"
"769","328.7867","528.7986","547.9778","547.9778","547.9778","547.9778","547.9778","769"
"770","331.6211","533.3574","552.7018","552.7018","552.7018","552.7018","552.7018","770"
"771","334.7389","538.3717","557.8981","557.8981","557.8981","557.8981","557.8981","771"
"772","337.8565","543.3861","563.0944","563.0944","563.0944","563.0944","563.0944","772"
"773","341.2579","548.8565","568.7632","568.7632","568.7632","568.7632","568.7632","773"
"774","344.3757","553.8709","573.9595","573.9595","573.9595","573.9595","573.9595","774"
"775","347.4933","558.8853","579.1558","579.1558","579.1558","579.1558","579.1558","775"
"776","350.8947","564.3557","584.8245","584.8245","584.8245","584.8245","584.8245","776"
"777","354.0125","569.3704","590.0211","590.0211","590.0211","590.0211","590.0211","777"
"778","357.4139","574.8405","595.6896","595.6896","595.6896","595.6896","595.6896","778"
"779","360.8149","580.3109","601.3584","601.3584","601.3584","601.3584","601.3584","779"
"780","364.2163","585.7813","607.0272","607.0272","607.0272","607.0272","607.0272","780"
"781","367.6176","591.2517","612.696","612.696","612.696","612.696","612.696","781"
"782","371.0187","596.7219","618.3646","618.3646","618.3646","618.3646","618.3646","782"
"783","374.42","602.1923","624.0333","624.0333","624.0333","624.0333","624.0333","783"
"784","378.1045","608.1184","630.1744","630.1744","630.1744","630.1744","630.1744","784"
"785","381.5059","613.5888","635.8432","635.8432","635.8432","635.8432","635.8432","785"
"786","385.1907","619.515","641.9843","641.9843","641.9843","641.9843","641.9843","786"
"787","388.5917","624.9854","647.6531","647.6531","647.6531","647.6531","647.6531","787"
"788","392.2765","630.9114","653.7941","653.7941","653.7941","653.7941","653.7941","788"
"789","395.9613","636.8376","659.9355","659.9355","659.9355","659.9355","659.9355","789"
"790","399.6459","642.7637","666.0765","666.0765","666.0765","666.0765","666.0765","790"
"791","403.3307","648.6899","672.2176","672.2176","672.2176","672.2176","672.2176","791"
"792","407.2987","655.072","678.8312","678.8312","678.8312","678.8312","678.8312","792"
"793","410.9835","660.9981","684.9723","684.9723","684.9723","684.9723","684.9723","793"
"794","414.9515","667.3802","691.5859","691.5859","691.5859","691.5859","691.5859","794"
"795","418.6363","673.3064","697.7269","697.7269","697.7269","697.7269","697.7269","795"
"796","422.6043","679.6885","704.3405","704.3405","704.3405","704.3405","704.3405","796"
"797","426.5723","686.0704","710.9539","710.9539","710.9539","710.9539","710.9539","797"
"798","430.5405","692.4525","717.5674","717.5674","717.5674","717.5674","717.5674","798"
"799","434.792","699.2904","724.6533","724.6533","724.6533","724.6533","724.6533","799"
"800","438.7603","705.6725","731.2669","731.2669","731.2669","731.2669","731.2669","800"
"801","442.7283","712.0547","737.8806","737.8806","737.8806","737.8806","737.8806","801"
"802","446.9797","718.8925","744.9664","744.9664","744.9664","744.9664","744.9664","802"
"803","451.2315","725.7304","752.0522","752.0522","752.0522","752.0522","752.0522","803"
"804","455.4829","732.5682","759.1381","759.1381","759.1381","759.1381","759.1381","804"
"805","459.7347","739.4064","766.2242","766.2242","766.2242","766.2242","766.2242","805"
"806","463.9861","746.2443","773.3101","773.3101","773.3101","773.3101","773.3101","806"
"807","468.2376","753.0822","780.396","780.396","780.396","780.396","780.396","807"
"808","472.7725","760.376","787.9544","787.9544","787.9544","787.9544","787.9544","808"
"809","477.0243","767.2139","795.0403","795.0403","795.0403","795.0403","795.0403","809"
"810","481.5592","774.5078","802.5987","802.5987","802.5987","802.5987","802.5987","810"
"811","486.0941","781.8013","810.1568","810.1568","810.1568","810.1568","810.1568","811"
"812","490.6291","789.0952","817.7152","817.7152","817.7152","817.7152","817.7152","812"
"813","495.1643","796.389","825.2736","825.2736","825.2736","825.2736","825.2736","813"
"814","499.9827","804.1387","833.3043","833.3043","833.3043","833.3043","833.3043","814"
"815","504.5173","811.4323","840.8624","840.8624","840.8624","840.8624","840.8624","815"
"816","509.336","819.1821","848.8933","848.8933","848.8933","848.8933","848.8933","816"
"817","514.1544","826.9318","856.924","856.924","856.924","856.924","856.924","817"
"818","518.9728","834.6813","864.9547","864.9547","864.9547","864.9547","864.9547","818"
"819","523.7912","842.4309","872.9854","872.9854","872.9854","872.9854","872.9854","819"
"820","528.6096","850.1805","881.016","881.016","881.016","881.016","881.016","820"
"821","533.428","857.9301","889.0467","889.0467","889.0467","889.0467","889.0467","821"
"822","538.5298","866.1357","897.5499","897.5499","897.5499","897.5499","897.5499","822"
"823","543.6317","874.3413","906.053","906.053","906.053","906.053","906.053","823"
"824","548.7336","882.5467","914.556","914.556","914.556","914.556","914.556","824"
"825","553.8354","890.752","923.0592","923.0592","923.0592","923.0592","923.0592","825"
"826","558.9373","898.9576","931.5624","931.5624","931.5624","931.5624","931.5624","826"
"827","564.3227","907.619","940.5378","940.5378","940.5378","940.5378","940.5378","827"
"828","569.4246","915.8243","949.0408","949.0408","949.0408","949.0408","949.0408","828"
"829","574.8099","924.4856","958.0163","958.0163","958.0163","958.0163","958.0163","829"
"830","580.1952","933.1472","966.992","966.992","966.992","966.992","966.992","830"
"831","585.5805","941.8085","975.9675","975.9675","975.9675","975.9675","975.9675","831"
"832","591.2491","950.9256","985.4152","985.4152","985.4152","985.4152","985.4152","832"
"833","596.6344","959.5869","994.3907","994.3907","994.3907","994.3907","994.3907","833"
"834","602.3032","968.7043","1003.839","1003.839","1003.839","1003.839","1003.839","834"
"835","607.972","977.8216","1013.287","1013.287","1013.287","1013.287","1013.287","835"
"836","613.6405","986.9387","1022.734","1022.734","1022.734","1022.734","1022.734","836"
"837","619.3093","996.056","1032.182","1032.182","1032.182","1032.182","1032.182","837"
"838","625.2616","1005.629","1042.103","1042.103","1042.103","1042.103","1042.103","838"
"839","630.9301","1014.746","1051.55","1051.55","1051.55","1051.55","1051.55","839"
"840","636.8827","1024.319","1061.471","1061.471","1061.471","1061.471","1061.471","840"
"841","642.8347","1033.893","1071.391","1071.391","1071.391","1071.391","1071.391","841"
"842","648.7869","1043.466","1081.312","1081.312","1081.312","1081.312","1081.312","842"
"843","655.0224","1053.494","1091.704","1091.704","1091.704","1091.704","1091.704","843"
"844","660.9747","1063.068","1101.624","1101.624","1101.624","1101.624","1101.624","844"
"845","667.2101","1073.097","1112.017","1112.017","1112.017","1112.017","1112.017","845"
"846","673.4459","1083.125","1122.41","1122.41","1122.41","1122.41","1122.41","846"
"847","679.6813","1093.154","1132.802","1132.802","1132.802","1132.802","1132.802","847"
"848","686.2006","1103.639","1143.667","1143.667","1143.667","1143.667","1143.667","848"
"849","692.7195","1114.124","1154.533","1154.533","1154.533","1154.533","1154.533","849"
"850","698.9552","1124.153","1164.925","1164.925","1164.925","1164.925","1164.925","850"
"851","705.7576","1135.094","1176.263","1176.263","1176.263","1176.263","1176.263","851"
"852","712.2766","1145.578","1187.128","1187.128","1187.128","1187.128","1187.128","852"
"853","718.7957","1156.063","1197.993","1197.993","1197.993","1197.993","1197.993","853"
"854","725.5981","1167.004","1209.33","1209.33","1209.33","1209.33","1209.33","854"
"855","732.4005","1177.944","1220.668","1220.668","1220.668","1220.668","1220.668","855"
"856","739.2032","1188.885","1232.005","1232.005","1232.005","1232.005","1232.005","856"
"857","746.2891","1200.282","1243.815","1243.815","1243.815","1243.815","1243.815","857"
"858","753.0915","1211.222","1255.153","1255.153","1255.153","1255.153","1255.153","858"
"859","760.1773","1222.619","1266.962","1266.962","1266.962","1266.962","1266.962","859"
"860","767.2635","1234.015","1278.772","1278.772","1278.772","1278.772","1278.772","860"
"861","774.6328","1245.868","1291.055","1291.055","1291.055","1291.055","1291.055","861"
"862","781.7187","1257.264","1302.865","1302.865","1302.865","1302.865","1302.865","862"
"863","789.088","1269.117","1315.147","1315.147","1315.147","1315.147","1315.147","863"
"864","796.4573","1280.969","1327.429","1327.429","1327.429","1327.429","1327.429","864"
"865","803.8267","1292.821","1339.711","1339.711","1339.711","1339.711","1339.711","865"
"866","811.4795","1305.13","1352.466","1352.466","1352.466","1352.466","1352.466","866"
"867","819.1323","1317.438","1365.221","1365.221","1365.221","1365.221","1365.221","867"
"868","826.7851","1329.746","1377.975","1377.975","1377.975","1377.975","1377.975","868"
"869","834.4379","1342.054","1390.73","1390.73","1390.73","1390.73","1390.73","869"
"870","842.3741","1354.819","1403.957","1403.957","1403.957","1403.957","1403.957","870"
"871","850.3104","1367.583","1417.184","1417.184","1417.184","1417.184","1417.184","871"
"872","858.2466","1380.347","1430.411","1430.411","1430.411","1430.411","1430.411","872"
"873","866.1829","1393.111","1443.638","1443.638","1443.638","1443.638","1443.638","873"
"874","874.4026","1406.331","1457.338","1457.338","1457.338","1457.338","1457.338","874"
"875","882.3387","1419.095","1470.565","1470.565","1470.565","1470.565","1470.565","875"
"876","890.8419","1432.771","1484.737","1484.737","1484.737","1484.737","1484.737","876"
"877","899.0616","1445.991","1498.436","1498.436","1498.436","1498.436","1498.436","877"
"878","907.5645","1459.666","1512.608","1512.608","1512.608","1512.608","1512.608","878"
"879","916.0677","1473.342","1526.779","1526.779","1526.779","1526.779","1526.779","879"
"880","924.5709","1487.018","1540.951","1540.951","1540.951","1540.951","1540.951","880"
"881","933.0739","1500.694","1555.123","1555.123","1555.123","1555.123","1555.123","881"
"882","941.8605","1514.826","1569.767","1569.767","1569.767","1569.767","1569.767","882"
"883","950.6469","1528.957","1584.412","1584.412","1584.412","1584.412","1584.412","883"
"884","959.717","1543.545","1599.528","1599.528","1599.528","1599.528","1599.528","884"
"885","968.5035","1557.677","1614.172","1614.172","1614.172","1614.172","1614.172","885"
"886","977.5736","1572.264","1629.289","1629.289","1629.289","1629.289","1629.289","886"
"887","986.9269","1587.307","1644.878","1644.878","1644.878","1644.878","1644.878","887"
"888","995.9971","1601.895","1659.995","1659.995","1659.995","1659.995","1659.995","888"
"889","1005.35","1616.939","1675.584","1675.584","1675.584","1675.584","1675.584","889"
"890","1014.704","1631.982","1691.173","1691.173","1691.173","1691.173","1691.173","890"
"891","1024.341","1647.481","1707.234","1707.234","1707.234","1707.234","1707.234","891"
"892","1033.977","1662.98","1723.296","1723.296","1723.296","1723.296","1723.296","892"
"893","1043.614","1678.479","1739.357","1739.357","1739.357","1739.357","1739.357","893"
"894","1053.251","1693.979","1755.419","1755.419","1755.419","1755.419","1755.419","894"
"895","1063.172","1709.934","1771.952","1771.952","1771.952","1771.952","1771.952","895"
"896","1073.092","1725.889","1788.486","1788.486","1788.486","1788.486","1788.486","896"
"897","1083.295","1742.3","1805.493","1805.493","1805.493","1805.493","1805.493","897"
"898","1093.499","1758.711","1822.499","1822.499","1822.499","1822.499","1822.499","898"
"899","1103.703","1775.122","1839.505","1839.505","1839.505","1839.505","1839.505","899"
"900","1113.907","1791.533","1856.511","1856.511","1856.511","1856.511","1856.511","900"
"901","1124.394","1808.4","1873.99","1873.99","1873.99","1873.99","1873.99","901"
"902","1134.881","1825.267","1891.468","1891.468","1891.468","1891.468","1891.468","902"
"903","1145.651","1842.59","1909.419","1909.419","1909.419","1909.419","1909.419","903"
"904","1156.139","1859.457","1926.898","1926.898","1926.898","1926.898","1926.898","904"
"905","1167.193","1877.235","1945.321","1945.321","1945.321","1945.321","1945.321","905"
"906","1177.964","1894.558","1963.272","1963.272","1963.272","1963.272","1963.272","906"
"907","1189.017","1912.336","1981.696","1981.696","1981.696","1981.696","1981.696","907"
"908","1200.071","1930.115","2000.119","2000.119","2000.119","2000.119","2000.119","908"
"909","1211.409","1948.349","2019.015","2019.015","2019.015","2019.015","2019.015","909"
"910","1222.746","1966.584","2037.911","2037.911","2037.911","2037.911","2037.911","910"
"911","1234.084","1984.818","2056.806","2056.806","2056.806","2056.806","2056.806","911"
"912","1245.705","2003.509","2076.175","2076.175","2076.175","2076.175","2076.175","912"
"913","1257.326","2022.199","2095.543","2095.543","2095.543","2095.543","2095.543","913"
"914","1269.23","2041.345","2115.383","2115.383","2115.383","2115.383","2115.383","914"
"915","1281.134","2060.491","2135.224","2135.224","2135.224","2135.224","2135.224","915"
"916","1293.039","2079.637","2155.064","2155.064","2155.064","2155.064","2155.064","916"
"917","1305.226","2099.239","2175.377","2175.377","2175.377","2175.377","2175.377","917"
"918","1317.414","2118.841","2195.69","2195.69","2195.69","2195.69","2195.69","918"
"919","1329.602","2138.443","2216.003","2216.003","2216.003","2216.003","2216.003","919"
"920","1342.073","2158.501","2236.789","2236.789","2236.789","2236.789","2236.789","920"
"921","1354.545","2178.559","2257.574","2257.574","2257.574","2257.574","2257.574","921"
"922","1367.299","2199.073","2278.832","2278.832","2278.832","2278.832","2278.832","922"
"923","1380.054","2219.586","2300.09","2300.09","2300.09","2300.09","2300.09","923"
"924","1393.092","2240.556","2321.82","2321.82","2321.82","2321.82","2321.82","924"
"925","1406.13","2261.526","2343.55","2343.55","2343.55","2343.55","2343.55","925"
"926","1419.168","2282.495","2365.28","2365.28","2365.28","2365.28","2365.28","926"
"927","1432.49","2303.921","2387.483","2387.483","2387.483","2387.483","2387.483","927"
"928","1446.095","2325.802","2410.158","2410.158","2410.158","2410.158","2410.158","928"
"929","1459.416","2347.228","2432.36","2432.36","2432.36","2432.36","2432.36","929"
"930","1473.305","2369.565","2455.508","2455.508","2455.508","2455.508","2455.508","930"
"931","1486.909","2391.446","2478.182","2478.182","2478.182","2478.182","2478.182","931"
"932","1500.798","2413.783","2501.33","2501.33","2501.33","2501.33","2501.33","932"
"933","1514.97","2436.576","2524.95","2524.95","2524.95","2524.95","2524.95","933"
"934","1529.142","2459.369","2548.569","2548.569","2548.569","2548.569","2548.569","934"
"935","1543.313","2482.162","2572.189","2572.189","2572.189","2572.189","2572.189","935"
"936","1557.769","2505.411","2596.281","2596.281","2596.281","2596.281","2596.281","936"
"937","1572.507","2529.116","2620.846","2620.846","2620.846","2620.846","2620.846","937"
"938","1587.246","2552.821","2645.41","2645.41","2645.41","2645.41","2645.41","938"
"939","1601.985","2576.526","2669.975","2669.975","2669.975","2669.975","2669.975","939"
"940","1617.007","2600.686","2695.011","2695.011","2695.011","2695.011","2695.011","940"
"941","1632.313","2625.303","2720.521","2720.521","2720.521","2720.521","2720.521","941"
"942","1647.335","2649.463","2745.558","2745.558","2745.558","2745.558","2745.558","942"
"943","1662.924","2674.535","2771.54","2771.54","2771.54","2771.54","2771.54","943"
"944","1678.513","2699.608","2797.521","2797.521","2797.521","2797.521","2797.521","944"
"945","1694.102","2724.68","2823.503","2823.503","2823.503","2823.503","2823.503","945"
"946","1709.974","2750.208","2849.957","2849.957","2849.957","2849.957","2849.957","946"
"947","1726.13","2776.193","2876.884","2876.884","2876.884","2876.884","2876.884","947"
"948","1742.286","2802.177","2903.81","2903.81","2903.81","2903.81","2903.81","948"
"949","1758.442","2828.161","2930.737","2930.737","2930.737","2930.737","2930.737","949"
"950","1774.881","2854.601","2958.135","2958.135","2958.135","2958.135","2958.135","950"
"951","1791.604","2881.497","2986.007","2986.007","2986.007","2986.007","2986.007","951"
"952","1808.327","2908.392","3013.878","3013.878","3013.878","3013.878","3013.878","952"
"953","1825.333","2935.744","3042.222","3042.222","3042.222","3042.222","3042.222","953"
"954","1842.339","2963.095","3070.565","3070.565","3070.565","3070.565","3070.565","954"
"955","1859.629","2990.903","3099.381","3099.381","3099.381","3099.381","3099.381","955"
"956","1876.919","3018.711","3128.198","3128.198","3128.198","3128.198","3128.198","956"
"957","1894.491","3046.974","3157.486","3157.486","3157.486","3157.486","3157.486","957"
"958","1912.348","3075.693","3187.247","3187.247","3187.247","3187.247","3187.247","958"
"959","1930.205","3104.413","3217.008","3217.008","3217.008","3217.008","3217.008","959"
"960","1948.344","3133.588","3247.241","3247.241","3247.241","3247.241","3247.241","960"
"961","1966.484","3162.763","3277.474","3277.474","3277.474","3277.474","3277.474","961"
"962","1984.908","3192.393","3308.18","3308.18","3308.18","3308.18","3308.18","962"
"963","2003.615","3222.48","3339.358","3339.358","3339.358","3339.358","3339.358","963"
"964","2022.322","3252.567","3370.536","3370.536","3370.536","3370.536","3370.536","964"
"965","2041.312","3283.11","3402.186","3402.186","3402.186","3402.186","3402.186","965"
"966","2060.302","3313.653","3433.837","3433.837","3433.837","3433.837","3433.837","966"
"967","2079.576","3344.651","3465.96","3465.96","3465.96","3465.96","3465.96","967"
"968","2099.133","3376.106","3498.555","3498.555","3498.555","3498.555","3498.555","968"
"969","2118.69","3407.56","3531.15","3531.15","3531.15","3531.15","3531.15","969"
"970","2138.531","3439.47","3564.218","3564.218","3564.218","3564.218","3564.218","970"
"971","2158.655","3471.836","3597.758","3597.758","3597.758","3597.758","3597.758","971"
"972","2178.779","3504.202","3631.298","3631.298","3631.298","3631.298","3631.298","972"
"973","2199.186","3537.024","3665.31","3665.31","3665.31","3665.31","3665.31","973"
"974","2219.877","3570.302","3699.795","3699.795","3699.795","3699.795","3699.795","974"
"975","2240.568","3603.58","3734.28","3734.28","3734.28","3734.28","3734.28","975"
"976","2261.542","3637.314","3769.237","3769.237","3769.237","3769.237","3769.237","976"
"977","2282.8","3671.503","3804.667","3804.667","3804.667","3804.667","3804.667","977"
"978","2304.058","3705.693","3840.096","3840.096","3840.096","3840.096","3840.096","978"
"979","2325.599","3740.338","3875.998","3875.998","3875.998","3875.998","3875.998","979"
"980","2347.424","3775.439","3912.373","3912.373","3912.373","3912.373","3912.373","980"
"981","2369.248","3810.541","3948.747","3948.747","3948.747","3948.747","3948.747","981"
"982","2391.64","3846.554","3986.066","3986.066","3986.066","3986.066","3986.066","982"
"983","2414.031","3882.567","4023.385","4023.385","4023.385","4023.385","4023.385","983"
"984","2436.423","3918.58","4060.705","4060.705","4060.705","4060.705","4060.705","984"
"985","2459.381","3955.505","4098.969","4098.969","4098.969","4098.969","4098.969","985"
"986","2482.339","3992.429","4137.232","4137.232","4137.232","4137.232","4137.232","986"
"987","2505.581","4029.81","4175.969","4175.969","4175.969","4175.969","4175.969","987"
"988","2529.107","4067.646","4215.178","4215.178","4215.178","4215.178","4215.178","988"
"989","2552.632","4105.483","4254.386","4254.386","4254.386","4254.386","4254.386","989"
"990","2576.724","4144.231","4294.54","4294.54","4294.54","4294.54","4294.54","990"
"991","2600.816","4182.979","4334.693","4334.693","4334.693","4334.693","4334.693","991"
"992","2625.192","4222.183","4375.319","4375.319","4375.319","4375.319","4375.319","992"
"993","2649.567","4261.387","4415.945","4415.945","4415.945","4415.945","4415.945","993"
"994","2674.51","4301.503","4457.516","4457.516","4457.516","4457.516","4457.516","994"
"995","2699.452","4341.619","4499.087","4499.087","4499.087","4499.087","4499.087","995"
"996","2724.678","4382.19","4541.13","4541.13","4541.13","4541.13","4541.13","996"
"997","2750.187","4423.218","4583.646","4583.646","4583.646","4583.646","4583.646","997"
"998","2775.98","4464.701","4626.633","4626.633","4626.633","4626.633","4626.633","998"
"999","2802.056","4506.64","4670.094","4670.094","4670.094","4670.094","4670.094","999"
"1000","2828.132","4548.58","4713.554","4713.554","4713.554","4713.554","4713.554","1000"
